device_id,start_time,end_time,end_hour_start,start_facility,end_facility,path_steps,path,markov_avg_neg_log_prob,rare_transition_ratio,markov_score,is_markov_journey_anomaly
2778332381181807829,2026-04-25 14:52:39+00:00,2026-04-26 06:07:15+00:00,2026-04-26 06:00:00+00:00,66333,66338,2,66333 -> 66338,8.753318776953616,1.0,652.7667162220681,True
8325354597839977385,2026-04-25 10:52:33+00:00,2026-04-26 08:32:40+00:00,2026-04-26 08:00:00+00:00,66330,66338,2,66330 -> 66338,7.68866675814329,1.0,572.5208854780425,True
7910173827973510697,2026-04-21 11:59:32+00:00,2026-04-26 20:48:40+00:00,2026-04-26 20:00:00+00:00,66330,66338,2,66330 -> 66338,7.68866675814329,1.0,572.5208854780425,True
-1457143807736140267,2026-04-21 19:40:14+00:00,2026-04-21 22:37:16+00:00,2026-04-21 22:00:00+00:00,66330,66338,2,66330 -> 66338,7.68866675814329,1.0,572.5208854780425,True
2962744600501277145,2026-04-23 22:52:57+00:00,2026-04-26 16:05:55+00:00,2026-04-26 16:00:00+00:00,66330,66338,2,66330 -> 66338,7.68866675814329,1.0,572.5208854780425,True
-1080806417116210431,2026-04-24 16:27:17+00:00,2026-04-26 16:14:08+00:00,2026-04-26 16:00:00+00:00,66340,66338,2,66340 -> 66338,6.887923560353718,1.0,512.1666082269141,True
875234390866264801,2026-04-25 15:26:05+00:00,2026-04-26 23:21:25+00:00,2026-04-26 23:00:00+00:00,66340,66338,2,66340 -> 66338,6.887923560353718,1.0,512.1666082269141,True
4397356558801126308,2026-04-21 14:59:05+00:00,2026-04-24 10:44:34+00:00,2026-04-24 10:00:00+00:00,66340,66338,2,66340 -> 66338,6.887923560353718,1.0,512.1666082269141,True
-7239101322964842997,2026-04-22 12:40:14+00:00,2026-04-26 15:55:40+00:00,2026-04-26 15:00:00+00:00,66340,66338,2,66340 -> 66338,6.887923560353718,1.0,512.1666082269141,True
6276633042099272235,2026-04-21 08:48:16+00:00,2026-04-24 11:01:25+00:00,2026-04-24 11:00:00+00:00,66340,66338,2,66340 -> 66338,6.887923560353718,1.0,512.1666082269141,True
2046943083663320127,2026-04-26 13:10:24+00:00,2026-04-26 15:58:21+00:00,2026-04-26 15:00:00+00:00,66335,66338,2,66335 -> 66338,6.884145413343004,1.0,511.88183861187446,True
7073499293811148432,2026-04-23 05:45:54+00:00,2026-04-26 16:09:08+00:00,2026-04-26 16:00:00+00:00,66335,66338,2,66335 -> 66338,6.884145413343004,1.0,511.88183861187446,True
-5949187590684524746,2026-04-22 15:51:36+00:00,2026-04-26 16:06:14+00:00,2026-04-26 16:00:00+00:00,66335,66338,2,66335 -> 66338,6.884145413343004,1.0,511.88183861187446,True
-1415935426482423657,2026-04-22 17:05:03+00:00,2026-04-22 17:09:36+00:00,2026-04-22 17:00:00+00:00,66332,66338,2,66332 -> 66338,6.842489220526189,1.0,508.74209366314096,True
5062097791965071474,2026-04-25 13:42:38+00:00,2026-04-26 23:21:34+00:00,2026-04-26 23:00:00+00:00,66332,66338,2,66332 -> 66338,6.842489220526189,1.0,508.74209366314096,True
7420404695327698343,2026-04-22 15:58:38+00:00,2026-04-22 16:01:48+00:00,2026-04-22 16:00:00+00:00,66332,66338,2,66332 -> 66338,6.842489220526189,1.0,508.74209366314096,True
7824547188294498525,2026-04-22 12:09:38+00:00,2026-04-22 19:40:54+00:00,2026-04-22 19:00:00+00:00,66332,66338,2,66332 -> 66338,6.842489220526189,1.0,508.74209366314096,True
-7542898368373335198,2026-04-22 16:33:06+00:00,2026-04-22 16:57:26+00:00,2026-04-22 16:00:00+00:00,66332,66338,2,66332 -> 66338,6.842489220526189,1.0,508.74209366314096,True
6003787859365799130,2026-04-26 14:58:18+00:00,2026-04-26 15:49:51+00:00,2026-04-26 15:00:00+00:00,66331,66338,2,66331 -> 66338,6.090032816831864,1.0,452.0273285133175,True
-3779945405778929736,2026-04-21 15:22:47+00:00,2026-04-21 15:30:52+00:00,2026-04-21 15:00:00+00:00,66331,66338,2,66331 -> 66338,6.090032816831864,1.0,452.0273285133175,True
-7428999764408418665,2026-04-21 23:13:41+00:00,2026-04-21 23:14:13+00:00,2026-04-21 23:00:00+00:00,66331,66338,2,66331 -> 66338,6.090032816831864,1.0,452.0273285133175,True
2501276719648169756,2026-04-23 11:07:29+00:00,2026-04-26 08:00:48+00:00,2026-04-26 08:00:00+00:00,66335,66338,3,66335 -> 66333 -> 66338,5.894841726798414,0.5,437.06522456120297,True
-4389305546367987588,2026-04-26 10:24:51+00:00,2026-04-26 16:01:01+00:00,2026-04-26 16:00:00+00:00,66336,66338,2,66336 -> 66338,5.724347338609311,1.0,424.4645808055869,True
4101279215133280782,2026-04-24 11:19:04+00:00,2026-04-26 20:37:26+00:00,2026-04-26 20:00:00+00:00,66336,66338,2,66336 -> 66338,5.724347338609311,1.0,424.4645808055869,True
-1979931469724090285,2026-04-21 22:19:06+00:00,2026-04-21 22:22:49+00:00,2026-04-21 22:00:00+00:00,66336,66338,2,66336 -> 66338,5.724347338609311,1.0,424.4645808055869,True
-4910431657057012736,2026-04-21 23:51:57+00:00,2026-04-22 00:02:31+00:00,2026-04-22 00:00:00+00:00,66336,66338,2,66336 -> 66338,5.724347338609311,1.0,424.4645808055869,True
-4313601598724462,2026-04-26 02:41:50+00:00,2026-04-26 02:56:15+00:00,2026-04-26 02:00:00+00:00,66336,66338,2,66336 -> 66338,5.724347338609311,1.0,424.4645808055869,True
-8289781312622581209,2026-04-25 21:20:12+00:00,2026-04-26 19:52:36+00:00,2026-04-26 19:00:00+00:00,66336,66338,2,66336 -> 66338,5.724347338609311,1.0,424.4645808055869,True
2744060573352852568,2026-04-21 15:10:40+00:00,2026-04-22 15:59:20+00:00,2026-04-22 15:00:00+00:00,66336,66338,2,66336 -> 66338,5.724347338609311,1.0,424.4645808055869,True
6341940799922895895,2026-04-20 08:37:11+00:00,2026-04-26 15:45:45+00:00,2026-04-26 15:00:00+00:00,66336,66338,2,66336 -> 66338,5.724347338609311,1.0,424.4645808055869,True
4889241548144145389,2026-04-22 04:02:38+00:00,2026-04-26 08:00:56+00:00,2026-04-26 08:00:00+00:00,66336,66338,2,66336 -> 66338,5.724347338609311,1.0,424.4645808055869,True
3691480030218303023,2026-04-24 10:19:53+00:00,2026-04-26 23:21:09+00:00,2026-04-26 23:00:00+00:00,66336,66338,2,66336 -> 66338,5.724347338609311,1.0,424.4645808055869,True
8638762677983313626,2026-04-23 14:20:10+00:00,2026-04-26 23:19:41+00:00,2026-04-26 23:00:00+00:00,66336,66338,2,66336 -> 66338,5.724347338609311,1.0,424.4645808055869,True
-7769659417355672181,2026-04-23 06:29:12+00:00,2026-04-23 06:30:19+00:00,2026-04-23 06:00:00+00:00,66333,66336,2,66333 -> 66336,5.451328045374909,1.0,403.8863452810605,True
6609108689111606752,2026-04-25 08:08:41+00:00,2026-04-26 17:38:55+00:00,2026-04-26 17:00:00+00:00,66333,66336,2,66333 -> 66336,5.451328045374909,1.0,403.8863452810605,True
-5266926443863974873,2026-04-24 20:12:53+00:00,2026-04-24 20:14:54+00:00,2026-04-24 20:00:00+00:00,66333,66336,2,66333 -> 66336,5.451328045374909,1.0,403.8863452810605,True
-6929811786130497106,2026-04-24 18:14:46+00:00,2026-04-26 11:11:12+00:00,2026-04-26 11:00:00+00:00,66333,66336,2,66333 -> 66336,5.451328045374909,1.0,403.8863452810605,True
7127530768486588321,2026-04-24 11:51:12+00:00,2026-04-24 11:53:13+00:00,2026-04-24 11:00:00+00:00,66333,66336,2,66333 -> 66336,5.451328045374909,1.0,403.8863452810605,True
-6439818762448920400,2026-04-23 09:51:11+00:00,2026-04-23 09:53:27+00:00,2026-04-23 09:00:00+00:00,66333,66336,2,66333 -> 66336,5.451328045374909,1.0,403.8863452810605,True
-5949796007549504949,2026-04-20 12:05:21+00:00,2026-04-20 12:10:26+00:00,2026-04-20 12:00:00+00:00,66333,66336,2,66333 -> 66336,5.451328045374909,1.0,403.8863452810605,True
-6291320882625359915,2026-04-24 20:17:03+00:00,2026-04-24 20:19:17+00:00,2026-04-24 20:00:00+00:00,66333,66336,2,66333 -> 66336,5.451328045374909,1.0,403.8863452810605,True
4782221518483287953,2026-04-25 15:50:41+00:00,2026-04-26 14:29:30+00:00,2026-04-26 14:00:00+00:00,66333,66336,2,66333 -> 66336,5.451328045374909,1.0,403.8863452810605,True
-5398205749674534707,2026-04-24 18:37:14+00:00,2026-04-24 18:43:57+00:00,2026-04-24 18:00:00+00:00,66333,66336,2,66333 -> 66336,5.451328045374909,1.0,403.8863452810605,True
-6830714972852152864,2026-04-25 17:10:33+00:00,2026-04-25 17:13:54+00:00,2026-04-25 17:00:00+00:00,66333,66336,2,66333 -> 66336,5.451328045374909,1.0,403.8863452810605,True
6215395208441209875,2026-04-26 15:19:50+00:00,2026-04-26 15:33:42+00:00,2026-04-26 15:00:00+00:00,66333,66336,2,66333 -> 66336,5.451328045374909,1.0,403.8863452810605,True
8232084509259733729,2026-04-26 01:15:40+00:00,2026-04-26 12:18:27+00:00,2026-04-26 12:00:00+00:00,66333,66336,2,66333 -> 66336,5.451328045374909,1.0,403.8863452810605,True
5012294657249005473,2026-04-26 14:34:29+00:00,2026-04-26 16:39:49+00:00,2026-04-26 16:00:00+00:00,66333,66336,2,66333 -> 66336,5.451328045374909,1.0,403.8863452810605,True
-509313844860472009,2026-04-23 13:06:16+00:00,2026-04-23 13:10:05+00:00,2026-04-23 13:00:00+00:00,66333,66336,2,66333 -> 66336,5.451328045374909,1.0,403.8863452810605,True
6549677294201002240,2026-04-24 16:09:23+00:00,2026-04-26 18:17:34+00:00,2026-04-26 18:00:00+00:00,66333,66336,2,66333 -> 66336,5.451328045374909,1.0,403.8863452810605,True
-6015784627521017824,2026-04-24 16:08:57+00:00,2026-04-24 16:11:39+00:00,2026-04-24 16:00:00+00:00,66333,66336,2,66333 -> 66336,5.451328045374909,1.0,403.8863452810605,True
5875374436683664841,2026-04-25 16:55:32+00:00,2026-04-26 10:16:12+00:00,2026-04-26 10:00:00+00:00,66333,66336,2,66333 -> 66336,5.451328045374909,1.0,403.8863452810605,True
2007381400210540041,2026-04-23 12:59:59+00:00,2026-04-23 13:03:22+00:00,2026-04-23 13:00:00+00:00,66333,66336,2,66333 -> 66336,5.451328045374909,1.0,403.8863452810605,True
-6127360388594310721,2026-04-24 15:37:56+00:00,2026-04-24 15:55:03+00:00,2026-04-24 15:00:00+00:00,66333,66336,2,66333 -> 66336,5.451328045374909,1.0,403.8863452810605,True
-862529438470887235,2026-04-23 11:19:04+00:00,2026-04-24 11:31:08+00:00,2026-04-24 11:00:00+00:00,66333,66336,2,66333 -> 66336,5.451328045374909,1.0,403.8863452810605,True
-5210963623941631495,2026-04-26 15:02:18+00:00,2026-04-26 15:50:31+00:00,2026-04-26 15:00:00+00:00,66333,66336,2,66333 -> 66336,5.451328045374909,1.0,403.8863452810605,True
4699254773105738220,2026-04-24 12:15:31+00:00,2026-04-24 19:54:50+00:00,2026-04-24 19:00:00+00:00,66333,66336,2,66333 -> 66336,5.451328045374909,1.0,403.8863452810605,True
5167834961995017643,2026-04-20 14:14:58+00:00,2026-04-20 14:41:53+00:00,2026-04-20 14:00:00+00:00,66333,66331,2,66333 -> 66331,5.415179531258598,1.0,401.161729637475,True
-6605659666758059475,2026-04-24 20:00:25+00:00,2026-04-24 20:01:27+00:00,2026-04-24 20:00:00+00:00,66333,66331,2,66333 -> 66331,5.415179531258598,1.0,401.161729637475,True
-7696874672873273265,2026-04-25 10:33:48+00:00,2026-04-25 10:35:43+00:00,2026-04-25 10:00:00+00:00,66333,66331,2,66333 -> 66331,5.415179531258598,1.0,401.161729637475,True
-1779521237559377903,2026-04-24 17:25:59+00:00,2026-04-26 04:27:48+00:00,2026-04-26 04:00:00+00:00,66333,66331,2,66333 -> 66331,5.415179531258598,1.0,401.161729637475,True
4009648505713999813,2026-04-25 11:20:43+00:00,2026-04-25 12:10:58+00:00,2026-04-25 12:00:00+00:00,66333,66331,2,66333 -> 66331,5.415179531258598,1.0,401.161729637475,True
7993408051595128612,2026-04-24 22:38:03+00:00,2026-04-24 22:39:36+00:00,2026-04-24 22:00:00+00:00,66333,66331,2,66333 -> 66331,5.415179531258598,1.0,401.161729637475,True
-5239311047333068999,2026-04-25 10:00:40+00:00,2026-04-25 16:16:30+00:00,2026-04-25 16:00:00+00:00,66333,66331,2,66333 -> 66331,5.415179531258598,1.0,401.161729637475,True
2619509505015083017,2026-04-26 11:20:25+00:00,2026-04-26 11:34:45+00:00,2026-04-26 11:00:00+00:00,66333,66331,2,66333 -> 66331,5.415179531258598,1.0,401.161729637475,True
-3377953599030531475,2026-04-24 13:12:32+00:00,2026-04-24 13:46:22+00:00,2026-04-24 13:00:00+00:00,66333,66331,2,66333 -> 66331,5.415179531258598,1.0,401.161729637475,True
-4724839181215980853,2026-04-24 13:42:13+00:00,2026-04-24 13:44:15+00:00,2026-04-24 13:00:00+00:00,66333,66331,2,66333 -> 66331,5.415179531258598,1.0,401.161729637475,True
-8236226719606137018,2026-04-23 12:26:15+00:00,2026-04-23 12:35:22+00:00,2026-04-23 12:00:00+00:00,66333,66331,2,66333 -> 66331,5.415179531258598,1.0,401.161729637475,True
3478787709597569105,2026-04-26 09:58:02+00:00,2026-04-26 18:48:49+00:00,2026-04-26 18:00:00+00:00,66333,66331,2,66333 -> 66331,5.415179531258598,1.0,401.161729637475,True
3375712458943239689,2026-04-26 09:55:58+00:00,2026-04-26 10:12:18+00:00,2026-04-26 10:00:00+00:00,66333,66331,2,66333 -> 66331,5.415179531258598,1.0,401.161729637475,True
3982989823038464428,2026-04-25 15:04:36+00:00,2026-04-25 16:05:56+00:00,2026-04-25 16:00:00+00:00,66333,66331,2,66333 -> 66331,5.415179531258598,1.0,401.161729637475,True
5265805138397337210,2026-04-25 21:40:09+00:00,2026-04-25 21:42:59+00:00,2026-04-25 21:00:00+00:00,66333,66331,2,66333 -> 66331,5.415179531258598,1.0,401.161729637475,True
-918124416472824889,2026-04-25 14:47:33+00:00,2026-04-25 17:48:48+00:00,2026-04-25 17:00:00+00:00,66333,66331,2,66333 -> 66331,5.415179531258598,1.0,401.161729637475,True
7248134231302458003,2026-04-24 12:53:25+00:00,2026-04-24 14:18:19+00:00,2026-04-24 14:00:00+00:00,66333,66331,2,66333 -> 66331,5.415179531258598,1.0,401.161729637475,True
-7085193845627820936,2026-04-24 15:56:21+00:00,2026-04-24 16:36:32+00:00,2026-04-24 16:00:00+00:00,66333,66331,2,66333 -> 66331,5.415179531258598,1.0,401.161729637475,True
-7055130374505811419,2026-04-26 12:00:10+00:00,2026-04-26 14:12:21+00:00,2026-04-26 14:00:00+00:00,66333,66331,2,66333 -> 66331,5.415179531258598,1.0,401.161729637475,True
-8528856934711064930,2026-04-25 09:00:15+00:00,2026-04-26 12:58:24+00:00,2026-04-26 12:00:00+00:00,66333,66331,2,66333 -> 66331,5.415179531258598,1.0,401.161729637475,True
-7824557253302958536,2026-04-24 13:09:44+00:00,2026-04-24 14:04:18+00:00,2026-04-24 14:00:00+00:00,66333,66331,2,66333 -> 66331,5.415179531258598,1.0,401.161729637475,True
-8816469415175947080,2026-04-25 16:37:37+00:00,2026-04-26 19:50:22+00:00,2026-04-26 19:00:00+00:00,66333,66331,2,66333 -> 66331,5.415179531258598,1.0,401.161729637475,True
2462809213662184445,2026-04-25 17:53:29+00:00,2026-04-25 17:55:14+00:00,2026-04-25 17:00:00+00:00,66333,66331,2,66333 -> 66331,5.415179531258598,1.0,401.161729637475,True
1499740548689835099,2026-04-23 12:39:02+00:00,2026-04-26 11:59:39+00:00,2026-04-26 11:00:00+00:00,66333,66331,2,66333 -> 66331,5.415179531258598,1.0,401.161729637475,True
6058134038674716755,2026-04-25 20:38:16+00:00,2026-04-25 20:40:42+00:00,2026-04-25 20:00:00+00:00,66333,66331,2,66333 -> 66331,5.415179531258598,1.0,401.161729637475,True
8931053814774437062,2026-04-25 15:39:33+00:00,2026-04-25 15:41:39+00:00,2026-04-25 15:00:00+00:00,66333,66331,2,66333 -> 66331,5.415179531258598,1.0,401.161729637475,True
-9072899360262810577,2026-04-26 13:36:07+00:00,2026-04-26 16:22:12+00:00,2026-04-26 16:00:00+00:00,66333,66331,2,66333 -> 66331,5.415179531258598,1.0,401.161729637475,True
-1257740850298055863,2026-04-24 11:01:27+00:00,2026-04-26 19:51:58+00:00,2026-04-26 19:00:00+00:00,66330,66336,3,66330 -> 66333 -> 66336,5.27438328079641,1.0,390.5495184319703,True
-3403948038152832644,2026-04-20 13:57:33+00:00,2026-04-25 09:47:04+00:00,2026-04-25 09:00:00+00:00,66330,66333,2,66330 -> 66333,5.097438516217912,1.0,377.2126915828801,True
7016253515457993398,2026-04-23 19:36:56+00:00,2026-04-25 13:22:38+00:00,2026-04-25 13:00:00+00:00,66330,66333,2,66330 -> 66333,5.097438516217912,1.0,377.2126915828801,True
-1224604862478895050,2026-04-22 12:54:34+00:00,2026-04-25 15:29:29+00:00,2026-04-25 15:00:00+00:00,66330,66333,2,66330 -> 66333,5.097438516217912,1.0,377.2126915828801,True
7942976767593407752,2026-04-24 06:49:13+00:00,2026-04-24 22:05:03+00:00,2026-04-24 22:00:00+00:00,66330,66333,2,66330 -> 66333,5.097438516217912,1.0,377.2126915828801,True
-1210079055009384662,2026-04-25 13:28:13+00:00,2026-04-25 16:39:00+00:00,2026-04-25 16:00:00+00:00,66330,66333,2,66330 -> 66333,5.097438516217912,1.0,377.2126915828801,True
873686785143242041,2026-04-21 16:51:05+00:00,2026-04-24 20:49:20+00:00,2026-04-24 20:00:00+00:00,66330,66333,2,66330 -> 66333,5.097438516217912,1.0,377.2126915828801,True
-8881057175588915882,2026-04-24 15:18:42+00:00,2026-04-25 17:32:41+00:00,2026-04-25 17:00:00+00:00,66330,66333,2,66330 -> 66333,5.097438516217912,1.0,377.2126915828801,True
5469891300728310429,2026-04-26 10:17:54+00:00,2026-04-26 12:06:26+00:00,2026-04-26 12:00:00+00:00,66330,66333,2,66330 -> 66333,5.097438516217912,1.0,377.2126915828801,True
-9218129190015956006,2026-04-25 10:44:16+00:00,2026-04-25 10:58:48+00:00,2026-04-25 10:00:00+00:00,66330,66333,2,66330 -> 66333,5.097438516217912,1.0,377.2126915828801,True
-6777905508056645102,2026-04-25 13:55:36+00:00,2026-04-26 20:36:43+00:00,2026-04-26 20:00:00+00:00,66330,66333,2,66330 -> 66333,5.097438516217912,1.0,377.2126915828801,True
-7146046838210138877,2026-04-24 18:50:24+00:00,2026-04-24 19:01:14+00:00,2026-04-24 19:00:00+00:00,66330,66333,2,66330 -> 66333,5.097438516217912,1.0,377.2126915828801,True
1579032796573163563,2026-04-23 18:27:52+00:00,2026-04-25 10:42:18+00:00,2026-04-25 10:00:00+00:00,66330,66333,2,66330 -> 66333,5.097438516217912,1.0,377.2126915828801,True
-1614768174342628263,2026-04-24 13:11:19+00:00,2026-04-24 15:20:14+00:00,2026-04-24 15:00:00+00:00,66330,66333,2,66330 -> 66333,5.097438516217912,1.0,377.2126915828801,True
-5080121489310842475,2026-04-25 12:15:23+00:00,2026-04-25 17:20:07+00:00,2026-04-25 17:00:00+00:00,66330,66333,2,66330 -> 66333,5.097438516217912,1.0,377.2126915828801,True
6584491319681735728,2026-04-24 13:53:31+00:00,2026-04-24 13:59:18+00:00,2026-04-24 13:00:00+00:00,66330,66333,2,66330 -> 66333,5.097438516217912,1.0,377.2126915828801,True
2507278672968093355,2026-04-20 15:16:30+00:00,2026-04-25 11:04:35+00:00,2026-04-25 11:00:00+00:00,66330,66333,2,66330 -> 66333,5.097438516217912,1.0,377.2126915828801,True
-594512358033252652,2026-04-25 13:41:33+00:00,2026-04-26 11:56:07+00:00,2026-04-26 11:00:00+00:00,66330,66333,2,66330 -> 66333,5.097438516217912,1.0,377.2126915828801,True
6102363207621138707,2026-04-22 14:29:34+00:00,2026-04-25 20:57:30+00:00,2026-04-25 20:00:00+00:00,66330,66333,2,66330 -> 66333,5.097438516217912,1.0,377.2126915828801,True
4936265469147998195,2026-04-21 11:14:11+00:00,2026-04-25 15:21:07+00:00,2026-04-25 15:00:00+00:00,66330,66333,2,66330 -> 66333,5.097438516217912,1.0,377.2126915828801,True
-2548635507613065222,2026-04-24 20:21:14+00:00,2026-04-24 20:23:38+00:00,2026-04-24 20:00:00+00:00,66330,66333,2,66330 -> 66333,5.097438516217912,1.0,377.2126915828801,True
6060248898794728684,2026-04-25 13:34:47+00:00,2026-04-25 17:06:32+00:00,2026-04-25 17:00:00+00:00,66330,66333,2,66330 -> 66333,5.097438516217912,1.0,377.2126915828801,True
4950592679517811808,2026-04-22 10:37:22+00:00,2026-04-23 11:15:59+00:00,2026-04-23 11:00:00+00:00,66330,66333,2,66330 -> 66333,5.097438516217912,1.0,377.2126915828801,True
806707433078461166,2026-04-20 05:31:15+00:00,2026-04-25 19:11:09+00:00,2026-04-25 19:00:00+00:00,66330,66333,2,66330 -> 66333,5.097438516217912,1.0,377.2126915828801,True
-9177357776488666731,2026-04-25 13:59:17+00:00,2026-04-25 14:18:16+00:00,2026-04-25 14:00:00+00:00,66330,66333,2,66330 -> 66333,5.097438516217912,1.0,377.2126915828801,True
-511064086469403739,2026-04-23 15:12:53+00:00,2026-04-25 20:19:38+00:00,2026-04-25 20:00:00+00:00,66330,66333,2,66330 -> 66333,5.097438516217912,1.0,377.2126915828801,True
7573333848588213786,2026-04-23 16:08:55+00:00,2026-04-24 08:49:04+00:00,2026-04-24 08:00:00+00:00,66330,66333,2,66330 -> 66333,5.097438516217912,1.0,377.2126915828801,True
3992549759201062769,2026-04-24 16:42:54+00:00,2026-04-25 15:19:11+00:00,2026-04-25 15:00:00+00:00,66330,66333,2,66330 -> 66333,5.097438516217912,1.0,377.2126915828801,True
-4764725613578823176,2026-04-20 14:49:29+00:00,2026-04-25 13:06:24+00:00,2026-04-25 13:00:00+00:00,66330,66333,2,66330 -> 66333,5.097438516217912,1.0,377.2126915828801,True
1895837163655894114,2026-04-25 14:43:59+00:00,2026-04-25 14:45:38+00:00,2026-04-25 14:00:00+00:00,66330,66333,2,66330 -> 66333,5.097438516217912,1.0,377.2126915828801,True
1571665154191779831,2026-04-22 16:42:58+00:00,2026-04-25 08:11:16+00:00,2026-04-25 08:00:00+00:00,66330,66333,2,66330 -> 66333,5.097438516217912,1.0,377.2126915828801,True
-5290424458218507403,2026-04-24 07:01:08+00:00,2026-04-26 11:39:32+00:00,2026-04-26 11:00:00+00:00,66330,66333,2,66330 -> 66333,5.097438516217912,1.0,377.2126915828801,True
2979178812713786408,2026-04-25 13:13:02+00:00,2026-04-25 13:19:50+00:00,2026-04-25 13:00:00+00:00,66330,66333,2,66330 -> 66333,5.097438516217912,1.0,377.2126915828801,True
2843590536146635438,2026-04-25 09:50:16+00:00,2026-04-25 09:53:21+00:00,2026-04-25 09:00:00+00:00,66330,66333,2,66330 -> 66333,5.097438516217912,1.0,377.2126915828801,True
-4062924107035504075,2026-04-24 16:39:53+00:00,2026-04-24 18:18:21+00:00,2026-04-24 18:00:00+00:00,66330,66333,2,66330 -> 66333,5.097438516217912,1.0,377.2126915828801,True
7128751509171173665,2026-04-23 20:39:05+00:00,2026-04-23 20:42:48+00:00,2026-04-23 20:00:00+00:00,66330,66333,2,66330 -> 66333,5.097438516217912,1.0,377.2126915828801,True
-1283907225169302847,2026-04-26 12:37:59+00:00,2026-04-26 12:41:27+00:00,2026-04-26 12:00:00+00:00,66330,66333,2,66330 -> 66333,5.097438516217912,1.0,377.2126915828801,True
-5903980112377346405,2026-04-23 13:31:54+00:00,2026-04-23 13:39:33+00:00,2026-04-23 13:00:00+00:00,66330,66333,2,66330 -> 66333,5.097438516217912,1.0,377.2126915828801,True
5912077185575376053,2026-04-23 07:10:50+00:00,2026-04-26 11:10:20+00:00,2026-04-26 11:00:00+00:00,66330,66333,2,66330 -> 66333,5.097438516217912,1.0,377.2126915828801,True
2989934973113994680,2026-04-25 12:16:51+00:00,2026-04-25 12:19:28+00:00,2026-04-25 12:00:00+00:00,66330,66333,2,66330 -> 66333,5.097438516217912,1.0,377.2126915828801,True
4664374980405261815,2026-04-21 18:56:20+00:00,2026-04-24 14:49:04+00:00,2026-04-24 14:00:00+00:00,66330,66333,2,66330 -> 66333,5.097438516217912,1.0,377.2126915828801,True
8741874570620611190,2026-04-23 16:06:07+00:00,2026-04-25 14:37:29+00:00,2026-04-25 14:00:00+00:00,66330,66333,2,66330 -> 66333,5.097438516217912,1.0,377.2126915828801,True
6980729885749401957,2026-04-26 14:34:24+00:00,2026-04-26 17:20:24+00:00,2026-04-26 17:00:00+00:00,66330,66333,2,66330 -> 66333,5.097438516217912,1.0,377.2126915828801,True
6295045160943848978,2026-04-23 11:52:07+00:00,2026-04-26 11:36:44+00:00,2026-04-26 11:00:00+00:00,66330,66333,2,66330 -> 66333,5.097438516217912,1.0,377.2126915828801,True
5082220580849641592,2026-04-25 20:45:16+00:00,2026-04-25 20:46:48+00:00,2026-04-25 20:00:00+00:00,66330,66333,2,66330 -> 66333,5.097438516217912,1.0,377.2126915828801,True
7304183623045218123,2026-04-24 06:37:27+00:00,2026-04-25 11:58:59+00:00,2026-04-25 11:00:00+00:00,66330,66333,2,66330 -> 66333,5.097438516217912,1.0,377.2126915828801,True
-1647520675934662171,2026-04-25 09:59:06+00:00,2026-04-26 14:12:50+00:00,2026-04-26 14:00:00+00:00,66330,66333,2,66330 -> 66333,5.097438516217912,1.0,377.2126915828801,True
-6738407995485402466,2026-04-21 14:30:45+00:00,2026-04-24 17:26:55+00:00,2026-04-24 17:00:00+00:00,66330,66333,2,66330 -> 66333,5.097438516217912,1.0,377.2126915828801,True
4645373138192101873,2026-04-21 11:25:15+00:00,2026-04-24 16:49:35+00:00,2026-04-24 16:00:00+00:00,66330,66333,2,66330 -> 66333,5.097438516217912,1.0,377.2126915828801,True
-5799011830434623853,2026-04-23 09:53:48+00:00,2026-04-23 10:36:20+00:00,2026-04-23 10:00:00+00:00,66330,66333,2,66330 -> 66333,5.097438516217912,1.0,377.2126915828801,True
-8327646224859337453,2026-04-21 17:37:15+00:00,2026-04-26 15:45:51+00:00,2026-04-26 15:00:00+00:00,66330,66333,2,66330 -> 66333,5.097438516217912,1.0,377.2126915828801,True
-1413076292878732504,2026-04-25 17:16:06+00:00,2026-04-25 17:53:26+00:00,2026-04-25 17:00:00+00:00,66330,66333,2,66330 -> 66333,5.097438516217912,1.0,377.2126915828801,True
9139163128438522278,2026-04-23 10:48:35+00:00,2026-04-25 12:44:18+00:00,2026-04-25 12:00:00+00:00,66330,66333,2,66330 -> 66333,5.097438516217912,1.0,377.2126915828801,True
5615915643067486050,2026-04-25 21:38:46+00:00,2026-04-25 22:52:20+00:00,2026-04-25 22:00:00+00:00,66330,66333,2,66330 -> 66333,5.097438516217912,1.0,377.2126915828801,True
4147018591075388554,2026-04-23 12:42:43+00:00,2026-04-23 12:46:38+00:00,2026-04-23 12:00:00+00:00,66330,66333,2,66330 -> 66333,5.097438516217912,1.0,377.2126915828801,True
1824574181889610078,2026-04-23 20:05:44+00:00,2026-04-23 20:49:54+00:00,2026-04-23 20:00:00+00:00,66330,66333,2,66330 -> 66333,5.097438516217912,1.0,377.2126915828801,True
7363886142459678589,2026-04-25 07:37:39+00:00,2026-04-25 07:38:43+00:00,2026-04-25 07:00:00+00:00,66330,66333,2,66330 -> 66333,5.097438516217912,1.0,377.2126915828801,True
1501138239454340717,2026-04-20 09:20:33+00:00,2026-04-26 09:23:22+00:00,2026-04-26 09:00:00+00:00,66330,66333,2,66330 -> 66333,5.097438516217912,1.0,377.2126915828801,True
3941560963798005342,2026-04-23 16:20:13+00:00,2026-04-26 11:52:56+00:00,2026-04-26 11:00:00+00:00,66330,66333,2,66330 -> 66333,5.097438516217912,1.0,377.2126915828801,True
8518436181156366150,2026-04-25 00:11:31+00:00,2026-04-25 17:29:41+00:00,2026-04-25 17:00:00+00:00,66330,66333,2,66330 -> 66333,5.097438516217912,1.0,377.2126915828801,True
212383245827882538,2026-04-25 08:55:11+00:00,2026-04-26 15:27:30+00:00,2026-04-26 15:00:00+00:00,66330,66333,2,66330 -> 66333,5.097438516217912,1.0,377.2126915828801,True
8689739382000666069,2026-04-25 10:48:27+00:00,2026-04-25 10:56:32+00:00,2026-04-25 10:00:00+00:00,66330,66333,2,66330 -> 66333,5.097438516217912,1.0,377.2126915828801,True
3705187874503021450,2026-04-23 16:06:02+00:00,2026-04-25 13:50:30+00:00,2026-04-25 13:00:00+00:00,66330,66333,2,66330 -> 66333,5.097438516217912,1.0,377.2126915828801,True
-4787306047882529540,2026-04-24 01:08:26+00:00,2026-04-25 18:49:23+00:00,2026-04-25 18:00:00+00:00,66330,66333,2,66330 -> 66333,5.097438516217912,1.0,377.2126915828801,True
2792017668050882807,2026-04-24 10:03:03+00:00,2026-04-24 10:16:30+00:00,2026-04-24 10:00:00+00:00,66330,66333,2,66330 -> 66333,5.097438516217912,1.0,377.2126915828801,True
3543852603984239210,2026-04-23 11:42:41+00:00,2026-04-23 11:44:22+00:00,2026-04-23 11:00:00+00:00,66330,66333,2,66330 -> 66333,5.097438516217912,1.0,377.2126915828801,True
357742685231929935,2026-04-22 11:37:52+00:00,2026-04-22 11:46:52+00:00,2026-04-22 11:00:00+00:00,66330,66333,2,66330 -> 66333,5.097438516217912,1.0,377.2126915828801,True
9091543046829871325,2026-04-25 14:55:05+00:00,2026-04-25 15:09:29+00:00,2026-04-25 15:00:00+00:00,66330,66333,2,66330 -> 66333,5.097438516217912,1.0,377.2126915828801,True
-2436406548394660337,2026-04-25 09:34:36+00:00,2026-04-25 14:43:07+00:00,2026-04-25 14:00:00+00:00,66330,66333,2,66330 -> 66333,5.097438516217912,1.0,377.2126915828801,True
767287713234914692,2026-04-23 16:29:03+00:00,2026-04-25 15:07:04+00:00,2026-04-25 15:00:00+00:00,66330,66333,2,66330 -> 66333,5.097438516217912,1.0,377.2126915828801,True
-8817369725158913790,2026-04-24 18:27:57+00:00,2026-04-24 18:46:11+00:00,2026-04-24 18:00:00+00:00,66330,66333,2,66330 -> 66333,5.097438516217912,1.0,377.2126915828801,True
-5991681543932119223,2026-04-25 10:40:43+00:00,2026-04-25 13:03:13+00:00,2026-04-25 13:00:00+00:00,66330,66333,2,66330 -> 66333,5.097438516217912,1.0,377.2126915828801,True
238166718110880371,2026-04-22 12:09:12+00:00,2026-04-26 17:10:15+00:00,2026-04-26 17:00:00+00:00,66342,66338,3,66342 -> 66331 -> 66338,4.859693853779987,0.5,359.04320464703824,True
3103266566341765198,2026-04-23 19:30:10+00:00,2026-04-23 19:36:24+00:00,2026-04-23 19:00:00+00:00,66330,66335,3,66330 -> 66333 -> 66335,4.831815498749231,1.0,357.191934260382,True
-5263207408058123055,2026-04-21 17:46:32+00:00,2026-04-26 14:20:02+00:00,2026-04-26 14:00:00+00:00,66330,66335,3,66330 -> 66333 -> 66335,4.831815498749231,1.0,357.191934260382,True
4342707847677796407,2026-04-24 16:31:59+00:00,2026-04-24 16:58:24+00:00,2026-04-24 16:00:00+00:00,66330,66335,3,66330 -> 66333 -> 66335,4.831815498749231,1.0,357.191934260382,True
4503049250777131772,2026-04-24 10:26:19+00:00,2026-04-24 14:48:50+00:00,2026-04-24 14:00:00+00:00,66330,66335,3,66330 -> 66333 -> 66335,4.831815498749231,1.0,357.191934260382,True
5599670719539533121,2026-04-23 13:35:49+00:00,2026-04-23 17:52:33+00:00,2026-04-23 17:00:00+00:00,66330,66330,3,66330 -> 66333 -> 66330,4.820550942219217,1.0,356.34289280764136,True
4010812402838383443,2026-04-25 10:00:15+00:00,2026-04-25 15:57:58+00:00,2026-04-25 15:00:00+00:00,66330,66330,3,66330 -> 66333 -> 66330,4.820550942219217,1.0,356.34289280764136,True
2525441627078834862,2026-04-25 16:44:04+00:00,2026-04-25 21:20:38+00:00,2026-04-25 21:00:00+00:00,66330,66330,3,66330 -> 66333 -> 66330,4.820550942219217,1.0,356.34289280764136,True
-7612571411439105334,2026-04-25 18:02:36+00:00,2026-04-25 20:27:39+00:00,2026-04-25 20:00:00+00:00,66330,66332,3,66330 -> 66333 -> 66332,4.737500135755621,1.0,350.08311887129014,True
5400261706704278953,2026-04-25 20:44:26+00:00,2026-04-25 21:53:30+00:00,2026-04-25 21:00:00+00:00,66330,66332,3,66330 -> 66333 -> 66332,4.737500135755621,1.0,350.08311887129014,True
-2330453150130410284,2026-04-24 17:15:58+00:00,2026-04-24 20:24:10+00:00,2026-04-24 20:00:00+00:00,66331,66331,3,66331 -> 66333 -> 66331,4.652571409311006,0.5,343.43180080006186,True
201655027314020111,2026-04-25 00:15:57+00:00,2026-04-26 11:33:34+00:00,2026-04-26 11:00:00+00:00,66331,66331,3,66331 -> 66333 -> 66331,4.652571409311006,0.5,343.43180080006186,True
5956527359692703850,2026-04-23 22:53:04+00:00,2026-04-26 15:17:08+00:00,2026-04-26 15:00:00+00:00,66331,66331,3,66331 -> 66333 -> 66331,4.652571409311006,0.5,343.43180080006186,True
-1561420839488022652,2026-04-26 16:39:47+00:00,2026-04-26 20:36:00+00:00,2026-04-26 20:00:00+00:00,66331,66338,3,66331 -> 66336 -> 66338,4.63770314219145,0.5,342.31113749820094,True
-4623483856464861432,2026-04-26 08:47:27+00:00,2026-04-26 08:50:07+00:00,2026-04-26 08:00:00+00:00,66333,66335,2,66333 -> 66335,4.56619248128055,1.0,337.17117693788396,True
-8964515235037219674,2026-04-24 23:09:31+00:00,2026-04-24 23:09:32+00:00,2026-04-24 23:00:00+00:00,66333,66335,2,66333 -> 66335,4.56619248128055,1.0,337.17117693788396,True
-4631490145022505283,2026-04-24 12:00:26+00:00,2026-04-26 11:16:06+00:00,2026-04-26 11:00:00+00:00,66333,66335,2,66333 -> 66335,4.56619248128055,1.0,337.17117693788396,True
-6804683945613153250,2026-04-25 10:53:11+00:00,2026-04-25 11:14:16+00:00,2026-04-25 11:00:00+00:00,66333,66335,2,66333 -> 66335,4.56619248128055,1.0,337.17117693788396,True
-8317824515690255244,2026-04-26 10:34:07+00:00,2026-04-26 10:35:28+00:00,2026-04-26 10:00:00+00:00,66333,66335,2,66333 -> 66335,4.56619248128055,1.0,337.17117693788396,True
7926062415769359872,2026-04-24 08:40:36+00:00,2026-04-24 08:42:24+00:00,2026-04-24 08:00:00+00:00,66333,66335,2,66333 -> 66335,4.56619248128055,1.0,337.17117693788396,True
-7027563763391177239,2026-04-25 08:26:57+00:00,2026-04-25 08:42:58+00:00,2026-04-25 08:00:00+00:00,66333,66335,2,66333 -> 66335,4.56619248128055,1.0,337.17117693788396,True
7767088248084553176,2026-04-26 09:32:53+00:00,2026-04-26 11:42:19+00:00,2026-04-26 11:00:00+00:00,66333,66335,2,66333 -> 66335,4.56619248128055,1.0,337.17117693788396,True
8111411932446338976,2026-04-25 11:34:09+00:00,2026-04-26 12:39:10+00:00,2026-04-26 12:00:00+00:00,66333,66335,2,66333 -> 66335,4.56619248128055,1.0,337.17117693788396,True
6178947016489128359,2026-04-26 13:16:39+00:00,2026-04-26 13:26:14+00:00,2026-04-26 13:00:00+00:00,66333,66335,2,66333 -> 66335,4.56619248128055,1.0,337.17117693788396,True
-4864199321516480654,2026-04-26 08:56:57+00:00,2026-04-26 08:58:02+00:00,2026-04-26 08:00:00+00:00,66333,66335,2,66333 -> 66335,4.56619248128055,1.0,337.17117693788396,True
-6129270577394126099,2026-04-23 12:27:08+00:00,2026-04-23 12:27:08+00:00,2026-04-23 12:00:00+00:00,66333,66335,2,66333 -> 66335,4.56619248128055,1.0,337.17117693788396,True
-3902712478314572632,2026-04-23 14:35:21+00:00,2026-04-23 14:35:22+00:00,2026-04-23 14:00:00+00:00,66333,66335,2,66333 -> 66335,4.56619248128055,1.0,337.17117693788396,True
5036882456363172882,2026-04-26 08:48:09+00:00,2026-04-26 08:48:09+00:00,2026-04-26 08:00:00+00:00,66333,66335,2,66333 -> 66335,4.56619248128055,1.0,337.17117693788396,True
-6134007840654468478,2026-04-24 15:31:58+00:00,2026-04-24 16:32:20+00:00,2026-04-24 16:00:00+00:00,66333,66335,2,66333 -> 66335,4.56619248128055,1.0,337.17117693788396,True
-6095105430343283429,2026-04-24 13:43:40+00:00,2026-04-24 13:46:21+00:00,2026-04-24 13:00:00+00:00,66333,66335,2,66333 -> 66335,4.56619248128055,1.0,337.17117693788396,True
-1040053490960371631,2026-04-25 17:17:41+00:00,2026-04-26 12:46:40+00:00,2026-04-26 12:00:00+00:00,66333,66335,2,66333 -> 66335,4.56619248128055,1.0,337.17117693788396,True
3258180924039600273,2026-04-23 11:52:00+00:00,2026-04-24 09:13:54+00:00,2026-04-24 09:00:00+00:00,66333,66335,2,66333 -> 66335,4.56619248128055,1.0,337.17117693788396,True
6192064915830461371,2026-04-26 13:17:06+00:00,2026-04-26 13:18:21+00:00,2026-04-26 13:00:00+00:00,66333,66335,2,66333 -> 66335,4.56619248128055,1.0,337.17117693788396,True
8406194065579644327,2026-04-23 11:06:12+00:00,2026-04-23 11:07:58+00:00,2026-04-23 11:00:00+00:00,66333,66335,2,66333 -> 66335,4.56619248128055,1.0,337.17117693788396,True
-4750317959703286328,2026-04-25 15:01:31+00:00,2026-04-26 11:42:52+00:00,2026-04-26 11:00:00+00:00,66333,66335,2,66333 -> 66335,4.56619248128055,1.0,337.17117693788396,True
3857158708114315270,2026-04-24 14:20:55+00:00,2026-04-24 14:22:11+00:00,2026-04-24 14:00:00+00:00,66333,66335,2,66333 -> 66335,4.56619248128055,1.0,337.17117693788396,True
-9185768743369136948,2026-04-25 16:55:45+00:00,2026-04-25 16:58:27+00:00,2026-04-25 16:00:00+00:00,66333,66335,2,66333 -> 66335,4.56619248128055,1.0,337.17117693788396,True
2965874532428376305,2026-04-24 15:13:15+00:00,2026-04-24 16:41:46+00:00,2026-04-24 16:00:00+00:00,66333,66335,2,66333 -> 66335,4.56619248128055,1.0,337.17117693788396,True
5687196801300031459,2026-04-26 12:55:26+00:00,2026-04-26 12:57:28+00:00,2026-04-26 12:00:00+00:00,66333,66335,2,66333 -> 66335,4.56619248128055,1.0,337.17117693788396,True
-2800536350545956107,2026-04-25 15:21:41+00:00,2026-04-26 21:52:42+00:00,2026-04-26 21:00:00+00:00,66333,66335,2,66333 -> 66335,4.56619248128055,1.0,337.17117693788396,True
-4700982314320911761,2026-04-24 17:44:06+00:00,2026-04-24 18:01:15+00:00,2026-04-24 18:00:00+00:00,66333,66335,2,66333 -> 66335,4.56619248128055,1.0,337.17117693788396,True
2610954576910938725,2026-04-23 18:01:30+00:00,2026-04-23 18:14:01+00:00,2026-04-23 18:00:00+00:00,66333,66335,2,66333 -> 66335,4.56619248128055,1.0,337.17117693788396,True
7727166179144091956,2026-04-26 12:12:27+00:00,2026-04-26 13:24:54+00:00,2026-04-26 13:00:00+00:00,66333,66335,2,66333 -> 66335,4.56619248128055,1.0,337.17117693788396,True
4246312696344747065,2026-04-24 11:43:48+00:00,2026-04-25 11:34:51+00:00,2026-04-25 11:00:00+00:00,66333,66335,2,66333 -> 66335,4.56619248128055,1.0,337.17117693788396,True
7337139566157934389,2026-04-26 09:31:03+00:00,2026-04-26 11:11:14+00:00,2026-04-26 11:00:00+00:00,66333,66335,2,66333 -> 66335,4.56619248128055,1.0,337.17117693788396,True
-8258664574474596757,2026-04-25 13:16:29+00:00,2026-04-25 15:41:09+00:00,2026-04-25 15:00:00+00:00,66333,66335,2,66333 -> 66335,4.56619248128055,1.0,337.17117693788396,True
-8758766176161299922,2026-04-26 09:42:40+00:00,2026-04-26 10:11:16+00:00,2026-04-26 10:00:00+00:00,66333,66335,2,66333 -> 66335,4.56619248128055,1.0,337.17117693788396,True
-6731358350489742357,2026-04-24 14:44:49+00:00,2026-04-24 15:37:32+00:00,2026-04-24 15:00:00+00:00,66333,66335,2,66333 -> 66335,4.56619248128055,1.0,337.17117693788396,True
4769763749641440634,2026-04-24 12:10:42+00:00,2026-04-24 12:13:22+00:00,2026-04-24 12:00:00+00:00,66333,66335,2,66333 -> 66335,4.56619248128055,1.0,337.17117693788396,True
4870375729382310526,2026-04-26 16:40:49+00:00,2026-04-26 16:42:51+00:00,2026-04-26 16:00:00+00:00,66333,66335,2,66333 -> 66335,4.56619248128055,1.0,337.17117693788396,True
4066845705645987165,2026-04-24 18:37:53+00:00,2026-04-24 19:18:39+00:00,2026-04-24 19:00:00+00:00,66333,66335,2,66333 -> 66335,4.56619248128055,1.0,337.17117693788396,True
-3300838325985565122,2026-04-24 12:46:08+00:00,2026-04-24 13:18:42+00:00,2026-04-24 13:00:00+00:00,66333,66335,2,66333 -> 66335,4.56619248128055,1.0,337.17117693788396,True
-6457412774269459917,2026-04-25 16:08:16+00:00,2026-04-25 16:45:48+00:00,2026-04-25 16:00:00+00:00,66333,66335,2,66333 -> 66335,4.56619248128055,1.0,337.17117693788396,True
2347123605729231532,2026-04-25 08:08:40+00:00,2026-04-25 11:02:38+00:00,2026-04-25 11:00:00+00:00,66333,66335,2,66333 -> 66335,4.56619248128055,1.0,337.17117693788396,True
-1778000717960197680,2026-04-26 15:59:03+00:00,2026-04-26 16:03:11+00:00,2026-04-26 16:00:00+00:00,66333,66335,2,66333 -> 66335,4.56619248128055,1.0,337.17117693788396,True
6782162222634530925,2026-04-25 21:58:05+00:00,2026-04-25 21:58:59+00:00,2026-04-25 21:00:00+00:00,66333,66335,2,66333 -> 66335,4.56619248128055,1.0,337.17117693788396,True
-5115611841628880844,2026-04-24 12:33:36+00:00,2026-04-24 12:35:39+00:00,2026-04-24 12:00:00+00:00,66333,66335,2,66333 -> 66335,4.56619248128055,1.0,337.17117693788396,True
-621431401626925461,2026-04-23 10:21:50+00:00,2026-04-23 10:21:50+00:00,2026-04-23 10:00:00+00:00,66333,66335,2,66333 -> 66335,4.56619248128055,1.0,337.17117693788396,True
-1750045727921013126,2026-04-25 09:13:25+00:00,2026-04-25 09:20:27+00:00,2026-04-25 09:00:00+00:00,66333,66335,2,66333 -> 66335,4.56619248128055,1.0,337.17117693788396,True
-6019289587133159002,2026-04-26 15:09:31+00:00,2026-04-26 15:24:35+00:00,2026-04-26 15:00:00+00:00,66333,66335,2,66333 -> 66335,4.56619248128055,1.0,337.17117693788396,True
-7505232716563109811,2026-04-23 10:01:58+00:00,2026-04-23 10:02:50+00:00,2026-04-23 10:00:00+00:00,66333,66335,2,66333 -> 66335,4.56619248128055,1.0,337.17117693788396,True
-6891722623124835158,2026-04-24 12:58:12+00:00,2026-04-26 05:13:57+00:00,2026-04-26 05:00:00+00:00,66333,66335,2,66333 -> 66335,4.56619248128055,1.0,337.17117693788396,True
-5095123962924362645,2026-04-24 15:36:06+00:00,2026-04-24 15:37:36+00:00,2026-04-24 15:00:00+00:00,66333,66335,2,66333 -> 66335,4.56619248128055,1.0,337.17117693788396,True
-1702651350871260488,2026-04-23 16:28:57+00:00,2026-04-23 16:30:33+00:00,2026-04-23 16:00:00+00:00,66333,66335,2,66333 -> 66335,4.56619248128055,1.0,337.17117693788396,True
2168361293758286484,2026-04-26 10:12:37+00:00,2026-04-26 10:23:09+00:00,2026-04-26 10:00:00+00:00,66333,66335,2,66333 -> 66335,4.56619248128055,1.0,337.17117693788396,True
-1691073559882777116,2026-04-23 08:18:18+00:00,2026-04-23 08:18:18+00:00,2026-04-23 08:00:00+00:00,66333,66335,2,66333 -> 66335,4.56619248128055,1.0,337.17117693788396,True
8452953355001200087,2026-04-24 15:57:05+00:00,2026-04-25 17:07:19+00:00,2026-04-25 17:00:00+00:00,66333,66335,2,66333 -> 66335,4.56619248128055,1.0,337.17117693788396,True
-1667524633307474391,2026-04-26 17:21:00+00:00,2026-04-26 17:21:01+00:00,2026-04-26 17:00:00+00:00,66333,66335,2,66333 -> 66335,4.56619248128055,1.0,337.17117693788396,True
8895345120336387248,2026-04-25 11:39:40+00:00,2026-04-25 11:53:12+00:00,2026-04-25 11:00:00+00:00,66333,66335,2,66333 -> 66335,4.56619248128055,1.0,337.17117693788396,True
7547482233262475620,2026-04-25 10:03:42+00:00,2026-04-25 10:06:25+00:00,2026-04-25 10:00:00+00:00,66333,66335,2,66333 -> 66335,4.56619248128055,1.0,337.17117693788396,True
517391002960493005,2026-04-26 12:54:55+00:00,2026-04-26 14:10:13+00:00,2026-04-26 14:00:00+00:00,66333,66335,2,66333 -> 66335,4.56619248128055,1.0,337.17117693788396,True
-8188060391545583594,2026-04-23 09:21:04+00:00,2026-04-24 12:34:53+00:00,2026-04-24 12:00:00+00:00,66333,66335,2,66333 -> 66335,4.56619248128055,1.0,337.17117693788396,True
2823097991744989636,2026-04-26 10:47:43+00:00,2026-04-26 15:46:51+00:00,2026-04-26 15:00:00+00:00,66333,66335,2,66333 -> 66335,4.56619248128055,1.0,337.17117693788396,True
-8521587812187042323,2026-04-24 16:50:18+00:00,2026-04-26 04:59:57+00:00,2026-04-26 04:00:00+00:00,66333,66335,2,66333 -> 66335,4.56619248128055,1.0,337.17117693788396,True
2922178727613822352,2026-04-23 11:38:12+00:00,2026-04-23 12:13:45+00:00,2026-04-23 12:00:00+00:00,66333,66335,2,66333 -> 66335,4.56619248128055,1.0,337.17117693788396,True
3795847567054060263,2026-04-23 16:41:46+00:00,2026-04-23 17:02:15+00:00,2026-04-23 17:00:00+00:00,66333,66335,2,66333 -> 66335,4.56619248128055,1.0,337.17117693788396,True
4697205312619451128,2026-04-24 09:46:28+00:00,2026-04-24 10:06:13+00:00,2026-04-24 10:00:00+00:00,66333,66335,2,66333 -> 66335,4.56619248128055,1.0,337.17117693788396,True
2403473626241639946,2026-04-23 16:42:36+00:00,2026-04-23 16:44:10+00:00,2026-04-23 16:00:00+00:00,66333,66335,2,66333 -> 66335,4.56619248128055,1.0,337.17117693788396,True
-2100642692484380644,2026-04-26 14:24:30+00:00,2026-04-26 14:25:15+00:00,2026-04-26 14:00:00+00:00,66333,66335,2,66333 -> 66335,4.56619248128055,1.0,337.17117693788396,True
-5983111135248369259,2026-04-25 07:59:31+00:00,2026-04-25 09:00:05+00:00,2026-04-25 09:00:00+00:00,66333,66335,2,66333 -> 66335,4.56619248128055,1.0,337.17117693788396,True
4386453277830042484,2026-04-24 20:25:30+00:00,2026-04-24 20:28:29+00:00,2026-04-24 20:00:00+00:00,66333,66335,2,66333 -> 66335,4.56619248128055,1.0,337.17117693788396,True
6931281443818430009,2026-04-24 10:47:06+00:00,2026-04-24 11:11:56+00:00,2026-04-24 11:00:00+00:00,66333,66335,2,66333 -> 66335,4.56619248128055,1.0,337.17117693788396,True
9172738511901977438,2026-04-23 17:00:36+00:00,2026-04-23 17:03:35+00:00,2026-04-23 17:00:00+00:00,66333,66335,2,66333 -> 66335,4.56619248128055,1.0,337.17117693788396,True
3624348839920928567,2026-04-24 13:22:28+00:00,2026-04-24 13:30:05+00:00,2026-04-24 13:00:00+00:00,66333,66335,2,66333 -> 66335,4.56619248128055,1.0,337.17117693788396,True
-6946816358694039380,2026-04-24 12:31:59+00:00,2026-04-24 12:35:46+00:00,2026-04-24 12:00:00+00:00,66333,66335,2,66333 -> 66335,4.56619248128055,1.0,337.17117693788396,True
-6940098040813910428,2026-04-24 15:13:56+00:00,2026-04-24 15:35:58+00:00,2026-04-24 15:00:00+00:00,66333,66335,2,66333 -> 66335,4.56619248128055,1.0,337.17117693788396,True
4193802321169139524,2026-04-25 11:27:54+00:00,2026-04-25 11:34:56+00:00,2026-04-25 11:00:00+00:00,66333,66335,2,66333 -> 66335,4.56619248128055,1.0,337.17117693788396,True
-1926981329311800425,2026-04-23 12:34:09+00:00,2026-04-23 13:02:02+00:00,2026-04-23 13:00:00+00:00,66333,66335,2,66333 -> 66335,4.56619248128055,1.0,337.17117693788396,True
5000785753095412704,2026-04-25 08:03:04+00:00,2026-04-25 08:06:18+00:00,2026-04-25 08:00:00+00:00,66333,66335,2,66333 -> 66335,4.56619248128055,1.0,337.17117693788396,True
3187283122096569619,2026-04-24 11:54:03+00:00,2026-04-24 11:54:46+00:00,2026-04-24 11:00:00+00:00,66333,66335,2,66333 -> 66335,4.56619248128055,1.0,337.17117693788396,True
9017839567570291844,2026-04-25 17:59:38+00:00,2026-04-26 11:53:40+00:00,2026-04-26 11:00:00+00:00,66333,66335,2,66333 -> 66335,4.56619248128055,1.0,337.17117693788396,True
-4464195464561647940,2026-04-25 09:09:26+00:00,2026-04-26 10:23:47+00:00,2026-04-26 10:00:00+00:00,66333,66335,2,66333 -> 66335,4.56619248128055,1.0,337.17117693788396,True
7640785810066452442,2026-04-24 14:13:48+00:00,2026-04-24 14:15:51+00:00,2026-04-24 14:00:00+00:00,66333,66335,2,66333 -> 66335,4.56619248128055,1.0,337.17117693788396,True
-4977254110636198478,2026-04-23 15:45:33+00:00,2026-04-23 15:59:06+00:00,2026-04-23 15:00:00+00:00,66333,66335,2,66333 -> 66335,4.56619248128055,1.0,337.17117693788396,True
-1392681532563608175,2026-04-24 15:35:13+00:00,2026-04-24 15:36:38+00:00,2026-04-24 15:00:00+00:00,66333,66335,2,66333 -> 66335,4.56619248128055,1.0,337.17117693788396,True
-4027072342055548060,2026-04-23 10:45:02+00:00,2026-04-23 10:48:40+00:00,2026-04-23 10:00:00+00:00,66333,66335,2,66333 -> 66335,4.56619248128055,1.0,337.17117693788396,True
-5052455095722670691,2026-04-23 23:46:15+00:00,2026-04-23 23:46:15+00:00,2026-04-23 23:00:00+00:00,66333,66335,2,66333 -> 66335,4.56619248128055,1.0,337.17117693788396,True
7241583729140455891,2026-04-23 12:13:16+00:00,2026-04-25 18:03:29+00:00,2026-04-25 18:00:00+00:00,66333,66335,2,66333 -> 66335,4.56619248128055,1.0,337.17117693788396,True
6210191819421384167,2026-04-23 14:57:29+00:00,2026-04-24 18:39:14+00:00,2026-04-24 18:00:00+00:00,66333,66335,2,66333 -> 66335,4.56619248128055,1.0,337.17117693788396,True
-546569010199509504,2026-04-25 09:27:23+00:00,2026-04-25 15:22:24+00:00,2026-04-25 15:00:00+00:00,66333,66335,2,66333 -> 66335,4.56619248128055,1.0,337.17117693788396,True
6035061818794683689,2026-04-23 10:57:03+00:00,2026-04-23 11:13:06+00:00,2026-04-23 11:00:00+00:00,66333,66335,2,66333 -> 66335,4.56619248128055,1.0,337.17117693788396,True
-6814849922386746613,2026-04-25 14:03:19+00:00,2026-04-26 13:43:53+00:00,2026-04-26 13:00:00+00:00,66333,66335,2,66333 -> 66335,4.56619248128055,1.0,337.17117693788396,True
3588027342156579928,2026-04-24 18:44:49+00:00,2026-04-24 21:03:05+00:00,2026-04-24 21:00:00+00:00,66333,66335,2,66333 -> 66335,4.56619248128055,1.0,337.17117693788396,True
3453273538809726497,2026-04-23 09:57:31+00:00,2026-04-23 09:57:31+00:00,2026-04-23 09:00:00+00:00,66333,66335,2,66333 -> 66335,4.56619248128055,1.0,337.17117693788396,True
-5782190113970295659,2026-04-23 09:31:18+00:00,2026-04-23 11:48:24+00:00,2026-04-23 11:00:00+00:00,66333,66335,2,66333 -> 66335,4.56619248128055,1.0,337.17117693788396,True
2956432965356675273,2026-04-22 15:17:58+00:00,2026-04-22 15:20:50+00:00,2026-04-22 15:00:00+00:00,66333,66335,2,66333 -> 66335,4.56619248128055,1.0,337.17117693788396,True
-4070492697633005345,2026-04-23 18:14:24+00:00,2026-04-26 11:21:39+00:00,2026-04-26 11:00:00+00:00,66333,66335,2,66333 -> 66335,4.56619248128055,1.0,337.17117693788396,True
3595089155903190935,2026-04-25 11:38:23+00:00,2026-04-25 11:45:51+00:00,2026-04-25 11:00:00+00:00,66333,66335,2,66333 -> 66335,4.56619248128055,1.0,337.17117693788396,True
-5871715091554385342,2026-04-23 08:56:52+00:00,2026-04-23 08:58:02+00:00,2026-04-23 08:00:00+00:00,66333,66335,2,66333 -> 66335,4.56619248128055,1.0,337.17117693788396,True
-8973287052416354562,2026-04-25 14:48:06+00:00,2026-04-25 15:11:23+00:00,2026-04-25 15:00:00+00:00,66333,66335,2,66333 -> 66335,4.56619248128055,1.0,337.17117693788396,True
6387892474466963596,2026-04-21 15:26:38+00:00,2026-04-24 12:01:41+00:00,2026-04-24 12:00:00+00:00,66330,66336,2,66330 -> 66336,4.551501698049322,1.0,336.0638910981524,True
-3698623282530558016,2026-04-21 16:07:31+00:00,2026-04-21 17:06:40+00:00,2026-04-21 17:00:00+00:00,66330,66336,2,66330 -> 66336,4.551501698049322,1.0,336.0638910981524,True
4138038154921315388,2026-04-24 21:09:29+00:00,2026-04-26 11:17:14+00:00,2026-04-26 11:00:00+00:00,66330,66336,2,66330 -> 66336,4.551501698049322,1.0,336.0638910981524,True
6264655131760725544,2026-04-22 13:15:47+00:00,2026-04-26 16:40:33+00:00,2026-04-26 16:00:00+00:00,66330,66336,2,66330 -> 66336,4.551501698049322,1.0,336.0638910981524,True
-3246604065753313538,2026-04-24 18:37:50+00:00,2026-04-24 19:01:31+00:00,2026-04-24 19:00:00+00:00,66330,66336,2,66330 -> 66336,4.551501698049322,1.0,336.0638910981524,True
-4857714939031492625,2026-04-23 16:51:17+00:00,2026-04-25 13:59:24+00:00,2026-04-25 13:00:00+00:00,66330,66336,2,66330 -> 66336,4.551501698049322,1.0,336.0638910981524,True
2735333905610165231,2026-04-21 11:44:33+00:00,2026-04-21 12:04:56+00:00,2026-04-21 12:00:00+00:00,66330,66336,2,66330 -> 66336,4.551501698049322,1.0,336.0638910981524,True
1994065379953013429,2026-04-26 13:57:43+00:00,2026-04-26 14:18:24+00:00,2026-04-26 14:00:00+00:00,66330,66336,2,66330 -> 66336,4.551501698049322,1.0,336.0638910981524,True
5977680710232238937,2026-04-24 17:33:25+00:00,2026-04-24 21:00:05+00:00,2026-04-24 21:00:00+00:00,66330,66336,2,66330 -> 66336,4.551501698049322,1.0,336.0638910981524,True
-4956064405593937057,2026-04-23 12:41:32+00:00,2026-04-24 17:48:30+00:00,2026-04-24 17:00:00+00:00,66330,66336,2,66330 -> 66336,4.551501698049322,1.0,336.0638910981524,True
-5532481613085790794,2026-04-23 16:35:00+00:00,2026-04-24 18:44:17+00:00,2026-04-24 18:00:00+00:00,66330,66336,2,66330 -> 66336,4.551501698049322,1.0,336.0638910981524,True
2217047412062862427,2026-04-23 13:24:18+00:00,2026-04-26 14:04:48+00:00,2026-04-26 14:00:00+00:00,66330,66336,2,66330 -> 66336,4.551501698049322,1.0,336.0638910981524,True
-6944170357986251821,2026-04-22 14:12:21+00:00,2026-04-24 16:53:01+00:00,2026-04-24 16:00:00+00:00,66330,66336,2,66330 -> 66336,4.551501698049322,1.0,336.0638910981524,True
1867914133612698132,2026-04-20 13:11:31+00:00,2026-04-22 17:47:24+00:00,2026-04-22 17:00:00+00:00,66330,66336,2,66330 -> 66336,4.551501698049322,1.0,336.0638910981524,True
-8899188317777897597,2026-04-25 12:01:15+00:00,2026-04-25 13:00:13+00:00,2026-04-25 13:00:00+00:00,66330,66336,2,66330 -> 66336,4.551501698049322,1.0,336.0638910981524,True
-7411277448827244872,2026-04-21 15:46:44+00:00,2026-04-26 14:43:29+00:00,2026-04-26 14:00:00+00:00,66330,66336,2,66330 -> 66336,4.551501698049322,1.0,336.0638910981524,True
6067364114184368550,2026-04-23 13:36:51+00:00,2026-04-23 23:04:14+00:00,2026-04-23 23:00:00+00:00,66330,66336,2,66330 -> 66336,4.551501698049322,1.0,336.0638910981524,True
2006062132848307263,2026-04-22 09:45:45+00:00,2026-04-25 02:12:22+00:00,2026-04-25 02:00:00+00:00,66330,66336,2,66330 -> 66336,4.551501698049322,1.0,336.0638910981524,True
-7617094638563645115,2026-04-21 09:43:45+00:00,2026-04-21 10:04:44+00:00,2026-04-21 10:00:00+00:00,66330,66336,2,66330 -> 66336,4.551501698049322,1.0,336.0638910981524,True
-50442541144965181,2026-04-23 13:25:51+00:00,2026-04-23 13:42:38+00:00,2026-04-23 13:00:00+00:00,66330,66336,2,66330 -> 66336,4.551501698049322,1.0,336.0638910981524,True
2980379350808073024,2026-04-21 00:26:00+00:00,2026-04-21 01:07:36+00:00,2026-04-21 01:00:00+00:00,66330,66336,2,66330 -> 66336,4.551501698049322,1.0,336.0638910981524,True
2922616052704236330,2026-04-21 11:25:36+00:00,2026-04-23 16:42:59+00:00,2026-04-23 16:00:00+00:00,66330,66336,2,66330 -> 66336,4.551501698049322,1.0,336.0638910981524,True
-5235517252630139198,2026-04-20 13:47:38+00:00,2026-04-23 12:23:01+00:00,2026-04-23 12:00:00+00:00,66330,66336,2,66330 -> 66336,4.551501698049322,1.0,336.0638910981524,True
-8029118894919254513,2026-04-23 11:59:21+00:00,2026-04-26 16:35:00+00:00,2026-04-26 16:00:00+00:00,66330,66336,2,66330 -> 66336,4.551501698049322,1.0,336.0638910981524,True
796464920245476657,2026-04-20 10:05:17+00:00,2026-04-26 11:05:10+00:00,2026-04-26 11:00:00+00:00,66330,66336,2,66330 -> 66336,4.551501698049322,1.0,336.0638910981524,True
1798605693615768225,2026-04-23 14:32:53+00:00,2026-04-23 14:35:34+00:00,2026-04-23 14:00:00+00:00,66330,66336,2,66330 -> 66336,4.551501698049322,1.0,336.0638910981524,True
-9125642480466482261,2026-04-22 12:10:38+00:00,2026-04-22 12:16:11+00:00,2026-04-22 12:00:00+00:00,66330,66336,2,66330 -> 66336,4.551501698049322,1.0,336.0638910981524,True
2224924882937524520,2026-04-20 20:21:03+00:00,2026-04-26 21:16:12+00:00,2026-04-26 21:00:00+00:00,66330,66336,2,66330 -> 66336,4.551501698049322,1.0,336.0638910981524,True
8158554934213113091,2026-04-23 07:13:53+00:00,2026-04-23 10:16:09+00:00,2026-04-23 10:00:00+00:00,66330,66336,2,66330 -> 66336,4.551501698049322,1.0,336.0638910981524,True
-2950235158148344369,2026-04-23 17:08:37+00:00,2026-04-25 12:38:40+00:00,2026-04-25 12:00:00+00:00,66330,66336,2,66330 -> 66336,4.551501698049322,1.0,336.0638910981524,True
-6827117055864329580,2026-04-23 07:32:26+00:00,2026-04-23 07:43:53+00:00,2026-04-23 07:00:00+00:00,66330,66336,2,66330 -> 66336,4.551501698049322,1.0,336.0638910981524,True
-153019340630503458,2026-04-21 21:15:08+00:00,2026-04-22 12:59:15+00:00,2026-04-22 12:00:00+00:00,66330,66336,2,66330 -> 66336,4.551501698049322,1.0,336.0638910981524,True
639174759531130967,2026-04-21 12:35:30+00:00,2026-04-21 12:39:30+00:00,2026-04-21 12:00:00+00:00,66330,66336,2,66330 -> 66336,4.551501698049322,1.0,336.0638910981524,True
687884483143289557,2026-04-25 13:38:15+00:00,2026-04-25 13:54:20+00:00,2026-04-25 13:00:00+00:00,66330,66336,2,66330 -> 66336,4.551501698049322,1.0,336.0638910981524,True
-5168267564491742931,2026-04-22 18:58:29+00:00,2026-04-26 08:49:53+00:00,2026-04-26 08:00:00+00:00,66330,66336,2,66330 -> 66336,4.551501698049322,1.0,336.0638910981524,True
-7442431703822640664,2026-04-25 17:51:00+00:00,2026-04-25 17:59:15+00:00,2026-04-25 17:00:00+00:00,66330,66336,2,66330 -> 66336,4.551501698049322,1.0,336.0638910981524,True
4561486292775891074,2026-04-23 17:47:22+00:00,2026-04-23 19:23:05+00:00,2026-04-23 19:00:00+00:00,66330,66336,2,66330 -> 66336,4.551501698049322,1.0,336.0638910981524,True
-3190208134105794656,2026-04-23 21:15:08+00:00,2026-04-26 11:01:07+00:00,2026-04-26 11:00:00+00:00,66330,66336,2,66330 -> 66336,4.551501698049322,1.0,336.0638910981524,True
544300960937427240,2026-04-21 09:11:10+00:00,2026-04-25 07:10:15+00:00,2026-04-25 07:00:00+00:00,66330,66336,2,66330 -> 66336,4.551501698049322,1.0,336.0638910981524,True
-8947978473463767243,2026-04-21 16:41:54+00:00,2026-04-21 16:43:38+00:00,2026-04-21 16:00:00+00:00,66330,66336,2,66330 -> 66336,4.551501698049322,1.0,336.0638910981524,True
6352024651457372909,2026-04-20 18:12:00+00:00,2026-04-20 18:15:51+00:00,2026-04-20 18:00:00+00:00,66330,66336,2,66330 -> 66336,4.551501698049322,1.0,336.0638910981524,True
5193824767112347617,2026-04-23 10:47:34+00:00,2026-04-26 17:31:58+00:00,2026-04-26 17:00:00+00:00,66330,66336,2,66330 -> 66336,4.551501698049322,1.0,336.0638910981524,True
-6033588754123370410,2026-04-24 10:40:39+00:00,2026-04-24 10:45:22+00:00,2026-04-24 10:00:00+00:00,66330,66336,2,66330 -> 66336,4.551501698049322,1.0,336.0638910981524,True
4724789715837940851,2026-04-21 10:47:24+00:00,2026-04-21 11:04:09+00:00,2026-04-21 11:00:00+00:00,66330,66336,2,66330 -> 66336,4.551501698049322,1.0,336.0638910981524,True
9125338790572874837,2026-04-22 12:25:31+00:00,2026-04-24 21:12:52+00:00,2026-04-24 21:00:00+00:00,66330,66336,2,66330 -> 66336,4.551501698049322,1.0,336.0638910981524,True
-3037137923873457279,2026-04-22 10:54:54+00:00,2026-04-22 10:56:55+00:00,2026-04-22 10:00:00+00:00,66330,66336,2,66330 -> 66336,4.551501698049322,1.0,336.0638910981524,True
7804534577913160859,2026-04-20 13:41:02+00:00,2026-04-22 14:20:53+00:00,2026-04-22 14:00:00+00:00,66330,66336,2,66330 -> 66336,4.551501698049322,1.0,336.0638910981524,True
-6773663252050767607,2026-04-20 10:23:49+00:00,2026-04-21 20:09:37+00:00,2026-04-21 20:00:00+00:00,66330,66336,2,66330 -> 66336,4.551501698049322,1.0,336.0638910981524,True
-432302574342681233,2026-04-22 13:05:09+00:00,2026-04-22 13:17:01+00:00,2026-04-22 13:00:00+00:00,66330,66336,2,66330 -> 66336,4.551501698049322,1.0,336.0638910981524,True
-6070695144175677133,2026-04-21 12:41:22+00:00,2026-04-21 13:01:26+00:00,2026-04-21 13:00:00+00:00,66330,66336,2,66330 -> 66336,4.551501698049322,1.0,336.0638910981524,True
-715280671682180605,2026-04-21 11:36:33+00:00,2026-04-21 11:49:14+00:00,2026-04-21 11:00:00+00:00,66330,66336,2,66330 -> 66336,4.551501698049322,1.0,336.0638910981524,True
-3453026765597976037,2026-04-20 17:44:11+00:00,2026-04-20 18:18:40+00:00,2026-04-20 18:00:00+00:00,66330,66336,2,66330 -> 66336,4.551501698049322,1.0,336.0638910981524,True
2921606473327790062,2026-04-23 17:31:19+00:00,2026-04-26 07:49:16+00:00,2026-04-26 07:00:00+00:00,66330,66336,2,66330 -> 66336,4.551501698049322,1.0,336.0638910981524,True
-4938038172052113242,2026-04-22 11:13:06+00:00,2026-04-25 17:30:52+00:00,2026-04-25 17:00:00+00:00,66330,66336,2,66330 -> 66336,4.551501698049322,1.0,336.0638910981524,True
7272578226658192488,2026-04-21 09:00:41+00:00,2026-04-21 09:10:01+00:00,2026-04-21 09:00:00+00:00,66330,66336,2,66330 -> 66336,4.551501698049322,1.0,336.0638910981524,True
-6035826245474196315,2026-04-24 16:53:49+00:00,2026-04-26 15:58:31+00:00,2026-04-26 15:00:00+00:00,66330,66336,2,66330 -> 66336,4.551501698049322,1.0,336.0638910981524,True
6001651301846174117,2026-04-25 19:48:08+00:00,2026-04-25 19:54:22+00:00,2026-04-25 19:00:00+00:00,66330,66336,2,66330 -> 66336,4.551501698049322,1.0,336.0638910981524,True
4845633792500845314,2026-04-23 15:51:22+00:00,2026-04-24 10:58:45+00:00,2026-04-24 10:00:00+00:00,66330,66336,2,66330 -> 66336,4.551501698049322,1.0,336.0638910981524,True
7222622417520046447,2026-04-21 14:26:41+00:00,2026-04-21 14:33:12+00:00,2026-04-21 14:00:00+00:00,66330,66336,2,66330 -> 66336,4.551501698049322,1.0,336.0638910981524,True
-3853243897480835952,2026-04-20 11:34:33+00:00,2026-04-21 15:14:24+00:00,2026-04-21 15:00:00+00:00,66330,66336,2,66330 -> 66336,4.551501698049322,1.0,336.0638910981524,True
-3253027989390532476,2026-04-20 12:43:23+00:00,2026-04-26 14:07:55+00:00,2026-04-26 14:00:00+00:00,66330,66336,2,66330 -> 66336,4.551501698049322,1.0,336.0638910981524,True
7206043134718290730,2026-04-21 12:31:58+00:00,2026-04-21 12:39:15+00:00,2026-04-21 12:00:00+00:00,66330,66336,2,66330 -> 66336,4.551501698049322,1.0,336.0638910981524,True
8886345938143424250,2026-04-20 11:07:36+00:00,2026-04-20 11:20:00+00:00,2026-04-20 11:00:00+00:00,66330,66336,2,66330 -> 66336,4.551501698049322,1.0,336.0638910981524,True
-6833795392538544218,2026-04-22 08:14:32+00:00,2026-04-25 12:40:38+00:00,2026-04-25 12:00:00+00:00,66330,66336,2,66330 -> 66336,4.551501698049322,1.0,336.0638910981524,True
-6096807157189700717,2026-04-24 12:47:30+00:00,2026-04-24 13:22:59+00:00,2026-04-24 13:00:00+00:00,66330,66336,2,66330 -> 66336,4.551501698049322,1.0,336.0638910981524,True
3719485334872904776,2026-04-20 14:41:54+00:00,2026-04-26 15:40:29+00:00,2026-04-26 15:00:00+00:00,66330,66336,2,66330 -> 66336,4.551501698049322,1.0,336.0638910981524,True
6420539564265369639,2026-04-21 15:21:37+00:00,2026-04-26 15:20:30+00:00,2026-04-26 15:00:00+00:00,66330,66336,2,66330 -> 66336,4.551501698049322,1.0,336.0638910981524,True
3192212596361290139,2026-04-21 09:11:17+00:00,2026-04-22 11:29:30+00:00,2026-04-22 11:00:00+00:00,66330,66336,2,66330 -> 66336,4.551501698049322,1.0,336.0638910981524,True
-3730416414722832759,2026-04-20 13:38:20+00:00,2026-04-20 13:40:03+00:00,2026-04-20 13:00:00+00:00,66330,66336,2,66330 -> 66336,4.551501698049322,1.0,336.0638910981524,True
6367609401570121961,2026-04-24 10:19:10+00:00,2026-04-24 10:49:06+00:00,2026-04-24 10:00:00+00:00,66330,66336,2,66330 -> 66336,4.551501698049322,1.0,336.0638910981524,True
-8950038210114144759,2026-04-21 10:07:32+00:00,2026-04-22 12:37:33+00:00,2026-04-22 12:00:00+00:00,66330,66336,2,66330 -> 66336,4.551501698049322,1.0,336.0638910981524,True
-8920181426081667547,2026-04-20 18:03:41+00:00,2026-04-20 18:06:04+00:00,2026-04-20 18:00:00+00:00,66330,66336,2,66330 -> 66336,4.551501698049322,1.0,336.0638910981524,True
-5025320502998939328,2026-04-24 12:54:55+00:00,2026-04-26 10:21:38+00:00,2026-04-26 10:00:00+00:00,66330,66336,2,66330 -> 66336,4.551501698049322,1.0,336.0638910981524,True
3581156241652636369,2026-04-25 10:47:11+00:00,2026-04-25 13:06:51+00:00,2026-04-25 13:00:00+00:00,66330,66336,2,66330 -> 66336,4.551501698049322,1.0,336.0638910981524,True
-7755312741514763500,2026-04-21 07:28:53+00:00,2026-04-21 07:31:46+00:00,2026-04-21 07:00:00+00:00,66330,66336,2,66330 -> 66336,4.551501698049322,1.0,336.0638910981524,True
-902484745673124889,2026-04-20 13:05:11+00:00,2026-04-25 13:23:09+00:00,2026-04-25 13:00:00+00:00,66330,66336,2,66330 -> 66336,4.551501698049322,1.0,336.0638910981524,True
2589606218321797334,2026-04-24 10:06:04+00:00,2026-04-24 10:16:49+00:00,2026-04-24 10:00:00+00:00,66330,66336,2,66330 -> 66336,4.551501698049322,1.0,336.0638910981524,True
-1528282464068026434,2026-04-24 09:37:57+00:00,2026-04-24 09:44:37+00:00,2026-04-24 09:00:00+00:00,66330,66336,2,66330 -> 66336,4.551501698049322,1.0,336.0638910981524,True
193928149725053175,2026-04-20 14:43:33+00:00,2026-04-24 17:23:08+00:00,2026-04-24 17:00:00+00:00,66330,66336,2,66330 -> 66336,4.551501698049322,1.0,336.0638910981524,True
3812247645913624754,2026-04-24 19:06:03+00:00,2026-04-26 10:30:07+00:00,2026-04-26 10:00:00+00:00,66330,66336,2,66330 -> 66336,4.551501698049322,1.0,336.0638910981524,True
4452843427738714576,2026-04-20 10:51:57+00:00,2026-04-24 16:27:05+00:00,2026-04-24 16:00:00+00:00,66330,66336,2,66330 -> 66336,4.551501698049322,1.0,336.0638910981524,True
2521120868232336886,2026-04-25 09:52:15+00:00,2026-04-25 09:55:37+00:00,2026-04-25 09:00:00+00:00,66330,66336,2,66330 -> 66336,4.551501698049322,1.0,336.0638910981524,True
-7974790697976280358,2026-04-24 09:29:24+00:00,2026-04-24 10:12:39+00:00,2026-04-24 10:00:00+00:00,66330,66336,2,66330 -> 66336,4.551501698049322,1.0,336.0638910981524,True
4318789323644314025,2026-04-20 08:56:30+00:00,2026-04-20 09:24:36+00:00,2026-04-20 09:00:00+00:00,66330,66336,2,66330 -> 66336,4.551501698049322,1.0,336.0638910981524,True
2330043822848626875,2026-04-20 18:02:21+00:00,2026-04-24 16:37:45+00:00,2026-04-24 16:00:00+00:00,66330,66336,2,66330 -> 66336,4.551501698049322,1.0,336.0638910981524,True
5424669715344053753,2026-04-20 15:26:34+00:00,2026-04-20 15:27:44+00:00,2026-04-20 15:00:00+00:00,66330,66336,2,66330 -> 66336,4.551501698049322,1.0,336.0638910981524,True
1573319588067900522,2026-04-24 10:03:33+00:00,2026-04-24 10:35:52+00:00,2026-04-24 10:00:00+00:00,66330,66336,2,66330 -> 66336,4.551501698049322,1.0,336.0638910981524,True
-2452007362657645089,2026-04-24 09:02:47+00:00,2026-04-24 09:05:27+00:00,2026-04-24 09:00:00+00:00,66330,66336,2,66330 -> 66336,4.551501698049322,1.0,336.0638910981524,True
1567935141499913382,2026-04-25 11:47:29+00:00,2026-04-25 12:23:59+00:00,2026-04-25 12:00:00+00:00,66330,66336,2,66330 -> 66336,4.551501698049322,1.0,336.0638910981524,True
-7259225882878132784,2026-04-23 10:41:08+00:00,2026-04-26 09:45:49+00:00,2026-04-26 09:00:00+00:00,66330,66336,2,66330 -> 66336,4.551501698049322,1.0,336.0638910981524,True
-1687710262382025457,2026-04-22 07:18:07+00:00,2026-04-22 07:20:10+00:00,2026-04-22 07:00:00+00:00,66330,66336,2,66330 -> 66336,4.551501698049322,1.0,336.0638910981524,True
-1698189740824585406,2026-04-21 12:01:51+00:00,2026-04-21 12:06:32+00:00,2026-04-21 12:00:00+00:00,66330,66336,2,66330 -> 66336,4.551501698049322,1.0,336.0638910981524,True
-4111785462284524879,2026-04-25 15:23:29+00:00,2026-04-26 16:38:14+00:00,2026-04-26 16:00:00+00:00,66330,66336,2,66330 -> 66336,4.551501698049322,1.0,336.0638910981524,True
214927390284646027,2026-04-23 10:53:47+00:00,2026-04-23 12:42:04+00:00,2026-04-23 12:00:00+00:00,66330,66336,2,66330 -> 66336,4.551501698049322,1.0,336.0638910981524,True
-1524210279680510955,2026-04-21 18:16:13+00:00,2026-04-21 18:18:55+00:00,2026-04-21 18:00:00+00:00,66330,66336,2,66330 -> 66336,4.551501698049322,1.0,336.0638910981524,True
-8702290655866751951,2026-04-20 11:21:37+00:00,2026-04-24 11:15:21+00:00,2026-04-24 11:00:00+00:00,66330,66336,2,66330 -> 66336,4.551501698049322,1.0,336.0638910981524,True
6692723787774343229,2026-04-20 13:31:29+00:00,2026-04-22 10:37:07+00:00,2026-04-22 10:00:00+00:00,66330,66336,2,66330 -> 66336,4.551501698049322,1.0,336.0638910981524,True
4771411743023000393,2026-04-24 11:04:47+00:00,2026-04-24 12:30:07+00:00,2026-04-24 12:00:00+00:00,66330,66336,2,66330 -> 66336,4.551501698049322,1.0,336.0638910981524,True
-8774228310492666638,2026-04-26 08:43:15+00:00,2026-04-26 18:56:40+00:00,2026-04-26 18:00:00+00:00,66330,66336,2,66330 -> 66336,4.551501698049322,1.0,336.0638910981524,True
3479322355092206056,2026-04-22 08:39:45+00:00,2026-04-26 16:38:20+00:00,2026-04-26 16:00:00+00:00,66330,66336,2,66330 -> 66336,4.551501698049322,1.0,336.0638910981524,True
7712855023642832926,2026-04-22 15:08:04+00:00,2026-04-25 16:51:09+00:00,2026-04-25 16:00:00+00:00,66330,66336,2,66330 -> 66336,4.551501698049322,1.0,336.0638910981524,True
5501457329895102524,2026-04-23 15:52:01+00:00,2026-04-24 11:26:38+00:00,2026-04-24 11:00:00+00:00,66330,66336,2,66330 -> 66336,4.551501698049322,1.0,336.0638910981524,True
8559621972172909670,2026-04-22 10:58:35+00:00,2026-04-25 14:00:36+00:00,2026-04-25 14:00:00+00:00,66330,66336,2,66330 -> 66336,4.551501698049322,1.0,336.0638910981524,True
9074451832660796512,2026-04-21 13:45:00+00:00,2026-04-21 15:10:49+00:00,2026-04-21 15:00:00+00:00,66330,66336,2,66330 -> 66336,4.551501698049322,1.0,336.0638910981524,True
-9195642326513654554,2026-04-20 10:55:36+00:00,2026-04-24 16:21:30+00:00,2026-04-24 16:00:00+00:00,66330,66336,2,66330 -> 66336,4.551501698049322,1.0,336.0638910981524,True
5157772683672704294,2026-04-21 11:37:29+00:00,2026-04-24 14:51:31+00:00,2026-04-24 14:00:00+00:00,66330,66336,2,66330 -> 66336,4.551501698049322,1.0,336.0638910981524,True
7677904059972534182,2026-04-20 10:48:13+00:00,2026-04-20 17:19:23+00:00,2026-04-20 17:00:00+00:00,66330,66336,2,66330 -> 66336,4.551501698049322,1.0,336.0638910981524,True
-1391450916115716646,2026-04-22 17:51:25+00:00,2026-04-22 17:59:03+00:00,2026-04-22 17:00:00+00:00,66330,66336,2,66330 -> 66336,4.551501698049322,1.0,336.0638910981524,True
3898820497458727558,2026-04-24 14:59:44+00:00,2026-04-24 16:00:20+00:00,2026-04-24 16:00:00+00:00,66330,66336,2,66330 -> 66336,4.551501698049322,1.0,336.0638910981524,True
-7987493320179632162,2026-04-24 08:08:20+00:00,2026-04-24 08:13:33+00:00,2026-04-24 08:00:00+00:00,66330,66336,2,66330 -> 66336,4.551501698049322,1.0,336.0638910981524,True
-4567731814150313352,2026-04-24 09:42:15+00:00,2026-04-24 09:44:56+00:00,2026-04-24 09:00:00+00:00,66330,66336,2,66330 -> 66336,4.551501698049322,1.0,336.0638910981524,True
178075661676845958,2026-04-23 16:09:01+00:00,2026-04-23 18:02:57+00:00,2026-04-23 18:00:00+00:00,66330,66336,2,66330 -> 66336,4.551501698049322,1.0,336.0638910981524,True
4944463954627100598,2026-04-22 10:36:44+00:00,2026-04-22 11:38:04+00:00,2026-04-22 11:00:00+00:00,66330,66336,2,66330 -> 66336,4.551501698049322,1.0,336.0638910981524,True
-4050714473449069953,2026-04-22 09:08:23+00:00,2026-04-22 19:29:35+00:00,2026-04-22 19:00:00+00:00,66330,66336,2,66330 -> 66336,4.551501698049322,1.0,336.0638910981524,True
6763271899676672234,2026-04-23 15:09:50+00:00,2026-04-23 16:27:57+00:00,2026-04-23 16:00:00+00:00,66330,66336,2,66330 -> 66336,4.551501698049322,1.0,336.0638910981524,True
-1724392800630717952,2026-04-20 08:59:27+00:00,2026-04-25 11:09:25+00:00,2026-04-25 11:00:00+00:00,66330,66336,2,66330 -> 66336,4.551501698049322,1.0,336.0638910981524,True
6776157249896706516,2026-04-21 14:42:52+00:00,2026-04-25 22:42:17+00:00,2026-04-25 22:00:00+00:00,66330,66336,2,66330 -> 66336,4.551501698049322,1.0,336.0638910981524,True
-2203579989521466369,2026-04-24 13:13:48+00:00,2026-04-25 09:32:42+00:00,2026-04-25 09:00:00+00:00,66330,66336,2,66330 -> 66336,4.551501698049322,1.0,336.0638910981524,True
-7432522522098020911,2026-04-24 13:08:02+00:00,2026-04-25 18:06:59+00:00,2026-04-25 18:00:00+00:00,66330,66336,2,66330 -> 66336,4.551501698049322,1.0,336.0638910981524,True
4998429351060408487,2026-04-21 15:04:52+00:00,2026-04-21 16:08:32+00:00,2026-04-21 16:00:00+00:00,66330,66336,2,66330 -> 66336,4.551501698049322,1.0,336.0638910981524,True
1351007666672320638,2026-04-20 14:33:12+00:00,2026-04-23 08:11:22+00:00,2026-04-23 08:00:00+00:00,66330,66336,2,66330 -> 66336,4.551501698049322,1.0,336.0638910981524,True
-2020004324050963154,2026-04-21 10:44:25+00:00,2026-04-25 18:37:05+00:00,2026-04-25 18:00:00+00:00,66330,66336,2,66330 -> 66336,4.551501698049322,1.0,336.0638910981524,True
-6394228279407888130,2026-04-21 14:05:34+00:00,2026-04-21 14:24:22+00:00,2026-04-21 14:00:00+00:00,66330,66336,2,66330 -> 66336,4.551501698049322,1.0,336.0638910981524,True
-8552629749045780424,2026-04-23 16:21:12+00:00,2026-04-23 17:04:25+00:00,2026-04-23 17:00:00+00:00,66330,66336,2,66330 -> 66336,4.551501698049322,1.0,336.0638910981524,True
-6343351412240793550,2026-04-24 11:38:14+00:00,2026-04-24 11:49:00+00:00,2026-04-24 11:00:00+00:00,66330,66336,2,66330 -> 66336,4.551501698049322,1.0,336.0638910981524,True
5759581673713653734,2026-04-21 10:46:11+00:00,2026-04-22 21:23:47+00:00,2026-04-22 21:00:00+00:00,66330,66336,2,66330 -> 66336,4.551501698049322,1.0,336.0638910981524,True
-6407195415435169724,2026-04-20 16:10:42+00:00,2026-04-20 19:26:42+00:00,2026-04-20 19:00:00+00:00,66330,66336,2,66330 -> 66336,4.551501698049322,1.0,336.0638910981524,True
6883277017535536059,2026-04-21 22:40:56+00:00,2026-04-24 20:37:09+00:00,2026-04-24 20:00:00+00:00,66330,66336,2,66330 -> 66336,4.551501698049322,1.0,336.0638910981524,True
-8533804178541565447,2026-04-24 11:07:47+00:00,2026-04-24 18:32:39+00:00,2026-04-24 18:00:00+00:00,66330,66336,2,66330 -> 66336,4.551501698049322,1.0,336.0638910981524,True
1416202454072549018,2026-04-20 10:29:06+00:00,2026-04-20 10:30:30+00:00,2026-04-20 10:00:00+00:00,66330,66336,2,66330 -> 66336,4.551501698049322,1.0,336.0638910981524,True
6901265844435692718,2026-04-23 08:46:18+00:00,2026-04-23 09:35:09+00:00,2026-04-23 09:00:00+00:00,66330,66336,2,66330 -> 66336,4.551501698049322,1.0,336.0638910981524,True
6906321511510168387,2026-04-22 12:36:22+00:00,2026-04-22 12:38:18+00:00,2026-04-22 12:00:00+00:00,66330,66336,2,66330 -> 66336,4.551501698049322,1.0,336.0638910981524,True
-5742158357516220538,2026-04-23 11:18:43+00:00,2026-04-26 11:39:11+00:00,2026-04-26 11:00:00+00:00,66330,66336,2,66330 -> 66336,4.551501698049322,1.0,336.0638910981524,True
-4225211454604300133,2026-04-21 07:43:59+00:00,2026-04-21 07:47:20+00:00,2026-04-21 07:00:00+00:00,66330,66336,2,66330 -> 66336,4.551501698049322,1.0,336.0638910981524,True
6843011308930495813,2026-04-21 13:45:36+00:00,2026-04-26 12:13:41+00:00,2026-04-26 12:00:00+00:00,66330,66336,2,66330 -> 66336,4.551501698049322,1.0,336.0638910981524,True
-7942727612049749485,2026-04-24 15:13:38+00:00,2026-04-24 18:00:09+00:00,2026-04-24 18:00:00+00:00,66330,66336,2,66330 -> 66336,4.551501698049322,1.0,336.0638910981524,True
6970910163328589998,2026-04-25 10:41:06+00:00,2026-04-26 10:23:00+00:00,2026-04-26 10:00:00+00:00,66330,66336,2,66330 -> 66336,4.551501698049322,1.0,336.0638910981524,True
-2340326704591893547,2026-04-25 16:44:44+00:00,2026-04-26 12:11:21+00:00,2026-04-26 12:00:00+00:00,66330,66336,2,66330 -> 66336,4.551501698049322,1.0,336.0638910981524,True
-5367646423820892246,2026-04-20 12:36:24+00:00,2026-04-20 14:12:21+00:00,2026-04-20 14:00:00+00:00,66330,66336,2,66330 -> 66336,4.551501698049322,1.0,336.0638910981524,True
-1783225975264148396,2026-04-23 10:04:59+00:00,2026-04-24 07:49:18+00:00,2026-04-24 07:00:00+00:00,66330,66336,2,66330 -> 66336,4.551501698049322,1.0,336.0638910981524,True
-2366855112001735706,2026-04-24 16:50:36+00:00,2026-04-25 23:34:36+00:00,2026-04-25 23:00:00+00:00,66330,66336,2,66330 -> 66336,4.551501698049322,1.0,336.0638910981524,True
5818018520299339636,2026-04-24 17:32:59+00:00,2026-04-24 17:57:10+00:00,2026-04-24 17:00:00+00:00,66330,66336,2,66330 -> 66336,4.551501698049322,1.0,336.0638910981524,True
-7877180813643831111,2026-04-24 12:09:09+00:00,2026-04-24 12:51:49+00:00,2026-04-24 12:00:00+00:00,66330,66336,2,66330 -> 66336,4.551501698049322,1.0,336.0638910981524,True
-1812588852991022529,2026-04-23 10:12:44+00:00,2026-04-23 14:18:23+00:00,2026-04-23 14:00:00+00:00,66330,66336,2,66330 -> 66336,4.551501698049322,1.0,336.0638910981524,True
-3560085118415253387,2026-04-23 17:36:07+00:00,2026-04-24 17:29:32+00:00,2026-04-24 17:00:00+00:00,66330,66336,2,66330 -> 66336,4.551501698049322,1.0,336.0638910981524,True
1504570474814186192,2026-04-20 05:21:33+00:00,2026-04-20 07:11:58+00:00,2026-04-20 07:00:00+00:00,66330,66336,2,66330 -> 66336,4.551501698049322,1.0,336.0638910981524,True
-2261432618010983159,2026-04-23 13:41:47+00:00,2026-04-26 07:14:44+00:00,2026-04-26 07:00:00+00:00,66330,66336,2,66330 -> 66336,4.551501698049322,1.0,336.0638910981524,True
-5765164726470306883,2026-04-23 10:51:21+00:00,2026-04-23 11:36:08+00:00,2026-04-23 11:00:00+00:00,66330,66336,2,66330 -> 66336,4.551501698049322,1.0,336.0638910981524,True
3148032521799443777,2026-04-25 12:49:41+00:00,2026-04-25 13:32:50+00:00,2026-04-25 13:00:00+00:00,66330,66336,2,66330 -> 66336,4.551501698049322,1.0,336.0638910981524,True
-7889271652934039724,2026-04-21 14:11:37+00:00,2026-04-25 17:14:23+00:00,2026-04-25 17:00:00+00:00,66330,66336,2,66330 -> 66336,4.551501698049322,1.0,336.0638910981524,True
2446210682393050383,2026-04-25 15:00:47+00:00,2026-04-25 16:04:34+00:00,2026-04-25 16:00:00+00:00,66330,66336,2,66330 -> 66336,4.551501698049322,1.0,336.0638910981524,True
-4155353630910382029,2026-04-26 16:05:42+00:00,2026-04-26 16:15:17+00:00,2026-04-26 16:00:00+00:00,66330,66336,2,66330 -> 66336,4.551501698049322,1.0,336.0638910981524,True
-6317549442835260250,2026-04-20 17:22:14+00:00,2026-04-20 17:24:11+00:00,2026-04-20 17:00:00+00:00,66330,66336,2,66330 -> 66336,4.551501698049322,1.0,336.0638910981524,True
3391501387496301368,2026-04-23 13:21:20+00:00,2026-04-25 10:12:15+00:00,2026-04-25 10:00:00+00:00,66330,66336,2,66330 -> 66336,4.551501698049322,1.0,336.0638910981524,True
3278021195264432003,2026-04-25 09:31:53+00:00,2026-04-25 10:19:52+00:00,2026-04-25 10:00:00+00:00,66330,66336,2,66330 -> 66336,4.551501698049322,1.0,336.0638910981524,True
2922028559877560311,2026-04-23 16:40:52+00:00,2026-04-23 18:22:50+00:00,2026-04-23 18:00:00+00:00,66330,66336,2,66330 -> 66336,4.551501698049322,1.0,336.0638910981524,True
5092831096234590004,2026-04-22 02:53:46+00:00,2026-04-22 02:53:46+00:00,2026-04-22 02:00:00+00:00,66330,66336,2,66330 -> 66336,4.551501698049322,1.0,336.0638910981524,True
6507264845879256136,2026-04-22 14:36:07+00:00,2026-04-22 14:40:08+00:00,2026-04-22 14:00:00+00:00,66330,66336,2,66330 -> 66336,4.551501698049322,1.0,336.0638910981524,True
-7797541950824580987,2026-04-26 16:31:21+00:00,2026-04-26 19:56:35+00:00,2026-04-26 19:00:00+00:00,66330,66336,2,66330 -> 66336,4.551501698049322,1.0,336.0638910981524,True
-932528264259384053,2026-04-21 15:41:31+00:00,2026-04-26 09:50:40+00:00,2026-04-26 09:00:00+00:00,66330,66336,2,66330 -> 66336,4.551501698049322,1.0,336.0638910981524,True
4275155786166317219,2026-04-24 14:47:32+00:00,2026-04-26 15:29:53+00:00,2026-04-26 15:00:00+00:00,66330,66336,2,66330 -> 66336,4.551501698049322,1.0,336.0638910981524,True
2063947181747158330,2026-04-21 15:35:42+00:00,2026-04-22 10:13:11+00:00,2026-04-22 10:00:00+00:00,66330,66336,2,66330 -> 66336,4.551501698049322,1.0,336.0638910981524,True
7141746529361057383,2026-04-24 02:42:57+00:00,2026-04-25 16:39:27+00:00,2026-04-25 16:00:00+00:00,66330,66336,2,66330 -> 66336,4.551501698049322,1.0,336.0638910981524,True
-8346351983664400365,2026-04-22 06:47:43+00:00,2026-04-22 06:50:43+00:00,2026-04-22 06:00:00+00:00,66330,66336,2,66330 -> 66336,4.551501698049322,1.0,336.0638910981524,True
-7531696511993853044,2026-04-22 16:45:36+00:00,2026-04-25 10:25:57+00:00,2026-04-25 10:00:00+00:00,66330,66336,2,66330 -> 66336,4.551501698049322,1.0,336.0638910981524,True
5101023122333646795,2026-04-21 11:00:04+00:00,2026-04-21 13:46:01+00:00,2026-04-21 13:00:00+00:00,66330,66336,2,66330 -> 66336,4.551501698049322,1.0,336.0638910981524,True
6106037188013650448,2026-04-26 10:24:53+00:00,2026-04-26 10:53:14+00:00,2026-04-26 10:00:00+00:00,66330,66336,2,66330 -> 66336,4.551501698049322,1.0,336.0638910981524,True
8927825875593696966,2026-04-25 15:42:49+00:00,2026-04-25 15:58:50+00:00,2026-04-25 15:00:00+00:00,66330,66336,2,66330 -> 66336,4.551501698049322,1.0,336.0638910981524,True
-2807671072737892661,2026-04-24 07:23:01+00:00,2026-04-24 07:24:42+00:00,2026-04-24 07:00:00+00:00,66330,66336,2,66330 -> 66336,4.551501698049322,1.0,336.0638910981524,True
-3895558753930118884,2026-04-22 16:35:13+00:00,2026-04-26 11:07:31+00:00,2026-04-26 11:00:00+00:00,66330,66336,2,66330 -> 66336,4.551501698049322,1.0,336.0638910981524,True
2649865748560748886,2026-04-22 08:16:04+00:00,2026-04-25 19:37:49+00:00,2026-04-25 19:00:00+00:00,66330,66336,2,66330 -> 66336,4.551501698049322,1.0,336.0638910981524,True
-2897976086164356113,2026-04-20 14:16:11+00:00,2026-04-24 11:10:25+00:00,2026-04-24 11:00:00+00:00,66330,66336,2,66330 -> 66336,4.551501698049322,1.0,336.0638910981524,True
-8822084179030013881,2026-04-20 06:26:29+00:00,2026-04-20 06:26:30+00:00,2026-04-20 06:00:00+00:00,66330,66336,2,66330 -> 66336,4.551501698049322,1.0,336.0638910981524,True
920906272964723151,2026-04-23 17:12:54+00:00,2026-04-25 10:44:10+00:00,2026-04-25 10:00:00+00:00,66330,66336,2,66330 -> 66336,4.551501698049322,1.0,336.0638910981524,True
-1195063524075760034,2026-04-24 10:30:21+00:00,2026-04-24 16:51:17+00:00,2026-04-24 16:00:00+00:00,66330,66336,2,66330 -> 66336,4.551501698049322,1.0,336.0638910981524,True
-8843645895343879653,2026-04-22 12:19:14+00:00,2026-04-22 12:21:15+00:00,2026-04-22 12:00:00+00:00,66330,66336,2,66330 -> 66336,4.551501698049322,1.0,336.0638910981524,True
-5333465502748869372,2026-04-23 09:44:57+00:00,2026-04-23 10:36:53+00:00,2026-04-23 10:00:00+00:00,66330,66336,2,66330 -> 66336,4.551501698049322,1.0,336.0638910981524,True
851640252448937657,2026-04-22 15:45:05+00:00,2026-04-22 15:55:07+00:00,2026-04-22 15:00:00+00:00,66330,66336,2,66330 -> 66336,4.551501698049322,1.0,336.0638910981524,True
-2722738313624227787,2026-04-22 10:55:36+00:00,2026-04-22 11:11:03+00:00,2026-04-22 11:00:00+00:00,66330,66336,2,66330 -> 66336,4.551501698049322,1.0,336.0638910981524,True
8110844315474905894,2026-04-23 17:01:58+00:00,2026-04-25 09:13:41+00:00,2026-04-25 09:00:00+00:00,66330,66336,2,66330 -> 66336,4.551501698049322,1.0,336.0638910981524,True
-5315593768927517857,2026-04-25 12:54:39+00:00,2026-04-25 13:06:57+00:00,2026-04-25 13:00:00+00:00,66330,66336,2,66330 -> 66336,4.551501698049322,1.0,336.0638910981524,True
811869399070621588,2026-04-22 14:01:06+00:00,2026-04-23 14:16:46+00:00,2026-04-23 14:00:00+00:00,66330,66336,2,66330 -> 66336,4.551501698049322,1.0,336.0638910981524,True
8109933104159745342,2026-04-22 07:52:39+00:00,2026-04-24 10:14:24+00:00,2026-04-24 10:00:00+00:00,66330,66336,2,66330 -> 66336,4.551501698049322,1.0,336.0638910981524,True
8521165147244646082,2026-04-21 11:15:58+00:00,2026-04-21 11:21:18+00:00,2026-04-21 11:00:00+00:00,66330,66336,2,66330 -> 66336,4.551501698049322,1.0,336.0638910981524,True
-1036374041331976333,2026-04-24 15:03:12+00:00,2026-04-24 16:53:59+00:00,2026-04-24 16:00:00+00:00,66330,66336,2,66330 -> 66336,4.551501698049322,1.0,336.0638910981524,True
5343097786878749386,2026-04-25 14:27:22+00:00,2026-04-25 22:29:30+00:00,2026-04-25 22:00:00+00:00,66333,66336,3,66333 -> 66330 -> 66336,4.547582533134921,1.0,335.7684925652774,True
7266062833668125042,2026-04-25 19:33:28+00:00,2026-04-26 00:10:17+00:00,2026-04-26 00:00:00+00:00,66333,66336,3,66333 -> 66330 -> 66336,4.547582533134921,1.0,335.7684925652774,True
-8636387954320897054,2026-04-25 12:42:41+00:00,2026-04-25 14:02:32+00:00,2026-04-25 14:00:00+00:00,66333,66330,2,66333 -> 66330,4.543663368220521,1.0,335.47309403240257,True
-8643657285719229775,2026-04-23 11:29:04+00:00,2026-04-23 13:26:54+00:00,2026-04-23 13:00:00+00:00,66333,66330,2,66333 -> 66330,4.543663368220521,1.0,335.47309403240257,True
-5706383823763071530,2026-04-25 17:15:38+00:00,2026-04-25 17:16:57+00:00,2026-04-25 17:00:00+00:00,66333,66330,2,66333 -> 66330,4.543663368220521,1.0,335.47309403240257,True
3859596731872535991,2026-04-25 09:56:35+00:00,2026-04-25 10:40:53+00:00,2026-04-25 10:00:00+00:00,66333,66330,2,66333 -> 66330,4.543663368220521,1.0,335.47309403240257,True
-4878533452556410236,2026-04-25 09:39:37+00:00,2026-04-25 09:44:57+00:00,2026-04-25 09:00:00+00:00,66333,66330,2,66333 -> 66330,4.543663368220521,1.0,335.47309403240257,True
4719309537694005167,2026-04-23 22:02:54+00:00,2026-04-23 22:05:35+00:00,2026-04-23 22:00:00+00:00,66333,66330,2,66333 -> 66330,4.543663368220521,1.0,335.47309403240257,True
3126077460866975302,2026-04-25 14:11:10+00:00,2026-04-25 14:19:57+00:00,2026-04-25 14:00:00+00:00,66333,66330,2,66333 -> 66330,4.543663368220521,1.0,335.47309403240257,True
5980257062025928234,2026-04-24 13:38:14+00:00,2026-04-24 14:01:06+00:00,2026-04-24 14:00:00+00:00,66333,66330,2,66333 -> 66330,4.543663368220521,1.0,335.47309403240257,True
-6397008165570728982,2026-04-25 14:58:47+00:00,2026-04-25 15:05:06+00:00,2026-04-25 15:00:00+00:00,66333,66330,2,66333 -> 66330,4.543663368220521,1.0,335.47309403240257,True
-6508937108733483928,2026-04-25 12:19:28+00:00,2026-04-25 12:23:33+00:00,2026-04-25 12:00:00+00:00,66333,66330,2,66333 -> 66330,4.543663368220521,1.0,335.47309403240257,True
-3507999854641732064,2026-04-26 10:09:02+00:00,2026-04-26 16:11:39+00:00,2026-04-26 16:00:00+00:00,66333,66330,2,66333 -> 66330,4.543663368220521,1.0,335.47309403240257,True
7797949497067296256,2026-04-23 10:43:06+00:00,2026-04-23 10:58:38+00:00,2026-04-23 10:00:00+00:00,66333,66330,2,66333 -> 66330,4.543663368220521,1.0,335.47309403240257,True
2420372309232436163,2026-04-26 11:38:12+00:00,2026-04-26 11:42:09+00:00,2026-04-26 11:00:00+00:00,66333,66330,2,66333 -> 66330,4.543663368220521,1.0,335.47309403240257,True
-4896689094191194550,2026-04-23 22:01:58+00:00,2026-04-23 22:03:22+00:00,2026-04-23 22:00:00+00:00,66333,66330,2,66333 -> 66330,4.543663368220521,1.0,335.47309403240257,True
-6025332870307653675,2026-04-26 06:17:14+00:00,2026-04-26 11:23:37+00:00,2026-04-26 11:00:00+00:00,66333,66330,2,66333 -> 66330,4.543663368220521,1.0,335.47309403240257,True
-5578829375307766274,2026-04-25 15:49:03+00:00,2026-04-25 17:04:50+00:00,2026-04-25 17:00:00+00:00,66333,66330,2,66333 -> 66330,4.543663368220521,1.0,335.47309403240257,True
-7950908098588110613,2026-04-23 17:46:22+00:00,2026-04-23 17:54:22+00:00,2026-04-23 17:00:00+00:00,66333,66330,2,66333 -> 66330,4.543663368220521,1.0,335.47309403240257,True
781364243676694900,2026-04-24 22:01:13+00:00,2026-04-24 22:04:22+00:00,2026-04-24 22:00:00+00:00,66333,66330,2,66333 -> 66330,4.543663368220521,1.0,335.47309403240257,True
7459362622698939391,2026-04-24 18:05:18+00:00,2026-04-24 18:35:47+00:00,2026-04-24 18:00:00+00:00,66333,66330,2,66333 -> 66330,4.543663368220521,1.0,335.47309403240257,True
7123982347193867009,2026-04-25 08:46:15+00:00,2026-04-25 09:05:08+00:00,2026-04-25 09:00:00+00:00,66333,66330,2,66333 -> 66330,4.543663368220521,1.0,335.47309403240257,True
-39924922333387549,2026-04-24 08:29:35+00:00,2026-04-25 10:34:08+00:00,2026-04-25 10:00:00+00:00,66333,66330,2,66333 -> 66330,4.543663368220521,1.0,335.47309403240257,True
-963539458433715031,2026-04-25 09:34:31+00:00,2026-04-25 10:14:10+00:00,2026-04-25 10:00:00+00:00,66333,66330,2,66333 -> 66330,4.543663368220521,1.0,335.47309403240257,True
8022604692787164794,2026-04-25 11:31:10+00:00,2026-04-25 14:52:13+00:00,2026-04-25 14:00:00+00:00,66333,66330,2,66333 -> 66330,4.543663368220521,1.0,335.47309403240257,True
2796014570095906386,2026-04-25 17:37:20+00:00,2026-04-25 17:38:38+00:00,2026-04-25 17:00:00+00:00,66333,66330,2,66333 -> 66330,4.543663368220521,1.0,335.47309403240257,True
693841412008113845,2026-04-25 09:05:18+00:00,2026-04-25 10:43:55+00:00,2026-04-25 10:00:00+00:00,66333,66330,2,66333 -> 66330,4.543663368220521,1.0,335.47309403240257,True
-9217489278339788766,2026-04-25 11:12:50+00:00,2026-04-25 12:33:24+00:00,2026-04-25 12:00:00+00:00,66333,66330,2,66333 -> 66330,4.543663368220521,1.0,335.47309403240257,True
-6640539529513475040,2026-04-24 08:50:23+00:00,2026-04-26 19:33:45+00:00,2026-04-26 19:00:00+00:00,66333,66330,2,66333 -> 66330,4.543663368220521,1.0,335.47309403240257,True
-3290670773945924508,2026-04-25 10:00:00+00:00,2026-04-26 16:45:42+00:00,2026-04-26 16:00:00+00:00,66333,66330,2,66333 -> 66330,4.543663368220521,1.0,335.47309403240257,True
1747215301751320822,2026-04-24 13:59:28+00:00,2026-04-24 14:00:27+00:00,2026-04-24 14:00:00+00:00,66333,66330,2,66333 -> 66330,4.543663368220521,1.0,335.47309403240257,True
-4518163034336159186,2026-04-24 18:36:49+00:00,2026-04-26 11:48:46+00:00,2026-04-26 11:00:00+00:00,66333,66330,2,66333 -> 66330,4.543663368220521,1.0,335.47309403240257,True
-3831799073341514049,2026-04-25 13:37:27+00:00,2026-04-25 15:03:26+00:00,2026-04-25 15:00:00+00:00,66333,66330,2,66333 -> 66330,4.543663368220521,1.0,335.47309403240257,True
321991383900021936,2026-04-25 23:52:48+00:00,2026-04-25 23:57:57+00:00,2026-04-25 23:00:00+00:00,66333,66330,2,66333 -> 66330,4.543663368220521,1.0,335.47309403240257,True
-7092430860502482325,2026-04-25 09:48:46+00:00,2026-04-25 17:38:15+00:00,2026-04-25 17:00:00+00:00,66333,66330,2,66333 -> 66330,4.543663368220521,1.0,335.47309403240257,True
-1402445849346204030,2026-04-24 16:08:14+00:00,2026-04-24 16:24:42+00:00,2026-04-24 16:00:00+00:00,66333,66330,2,66333 -> 66330,4.543663368220521,1.0,335.47309403240257,True
-3805269943609168386,2026-04-23 09:13:08+00:00,2026-04-23 09:22:19+00:00,2026-04-23 09:00:00+00:00,66333,66330,2,66333 -> 66330,4.543663368220521,1.0,335.47309403240257,True
-5981187431540633139,2026-04-25 15:07:58+00:00,2026-04-25 15:13:19+00:00,2026-04-25 15:00:00+00:00,66333,66330,2,66333 -> 66330,4.543663368220521,1.0,335.47309403240257,True
3952600999180743212,2026-04-26 14:35:26+00:00,2026-04-26 14:38:34+00:00,2026-04-26 14:00:00+00:00,66333,66330,2,66333 -> 66330,4.543663368220521,1.0,335.47309403240257,True
-5835249036074930368,2026-04-23 17:02:41+00:00,2026-04-23 17:40:09+00:00,2026-04-23 17:00:00+00:00,66333,66330,2,66333 -> 66330,4.543663368220521,1.0,335.47309403240257,True
2399858673743080174,2026-04-24 13:41:40+00:00,2026-04-25 19:32:12+00:00,2026-04-25 19:00:00+00:00,66333,66330,2,66333 -> 66330,4.543663368220521,1.0,335.47309403240257,True
-6979612286596163764,2026-04-25 11:01:59+00:00,2026-04-25 11:07:19+00:00,2026-04-25 11:00:00+00:00,66333,66330,2,66333 -> 66330,4.543663368220521,1.0,335.47309403240257,True
-615276798236301241,2026-04-24 16:03:09+00:00,2026-04-25 11:20:22+00:00,2026-04-25 11:00:00+00:00,66333,66330,2,66333 -> 66330,4.543663368220521,1.0,335.47309403240257,True
1442104203802605973,2026-04-23 11:40:30+00:00,2026-04-23 17:03:09+00:00,2026-04-23 17:00:00+00:00,66333,66330,2,66333 -> 66330,4.543663368220521,1.0,335.47309403240257,True
2395797886339690830,2026-04-25 08:09:24+00:00,2026-04-26 11:07:04+00:00,2026-04-26 11:00:00+00:00,66333,66330,2,66333 -> 66330,4.543663368220521,1.0,335.47309403240257,True
4850057488051502848,2026-04-25 17:40:40+00:00,2026-04-25 17:43:09+00:00,2026-04-25 17:00:00+00:00,66333,66330,2,66333 -> 66330,4.543663368220521,1.0,335.47309403240257,True
1040169253156635254,2026-04-25 11:19:14+00:00,2026-04-25 11:24:16+00:00,2026-04-25 11:00:00+00:00,66333,66330,2,66333 -> 66330,4.543663368220521,1.0,335.47309403240257,True
43545783439729089,2026-04-25 14:33:35+00:00,2026-04-25 14:36:20+00:00,2026-04-25 14:00:00+00:00,66333,66330,2,66333 -> 66330,4.543663368220521,1.0,335.47309403240257,True
-2174451637789434436,2026-04-25 13:09:06+00:00,2026-04-25 14:51:55+00:00,2026-04-25 14:00:00+00:00,66333,66330,2,66333 -> 66330,4.543663368220521,1.0,335.47309403240257,True
-8950390950131566366,2026-04-25 17:47:50+00:00,2026-04-25 17:49:49+00:00,2026-04-25 17:00:00+00:00,66333,66330,2,66333 -> 66330,4.543663368220521,1.0,335.47309403240257,True
