device_id,first_seen,last_seen,unique_facilities,path_steps,path
-8865355597902574901,2026-04-22 13:04:47+00:00,2026-04-22 13:04:47+00:00,2,2,66330 -> 66331
1041509727121033197,2026-04-21 17:39:47+00:00,2026-04-21 17:40:08+00:00,2,2,66330 -> 66331
110882362567759039,2026-04-22 02:08:05+00:00,2026-04-22 02:53:42+00:00,3,5,66330 -> 66331 -> 66338 -> 66330 -> 66331
-3352297689915205475,2026-04-23 12:47:53+00:00,2026-04-23 12:47:53+00:00,2,2,66333 -> 66342
-8259063689389467132,2026-04-20 11:28:03+00:00,2026-04-20 11:28:03+00:00,2,2,66330 -> 66331
5771406460246083079,2026-04-20 10:56:29+00:00,2026-04-20 10:57:41+00:00,3,3,66330 -> 66331 -> 66332
-8770852295243504052,2026-04-25 05:28:54+00:00,2026-04-25 05:28:55+00:00,2,2,66331 -> 66330
-8277320384572718493,2026-04-21 12:46:23+00:00,2026-04-24 13:26:34+00:00,2,2,66340 -> 66331
7106514871163164133,2026-04-22 11:41:06+00:00,2026-04-22 11:41:06+00:00,2,2,66330 -> 66331
-8399323310133710968,2026-04-23 13:07:37+00:00,2026-04-23 13:07:37+00:00,2,2,66333 -> 66342
-6297975263411331389,2026-04-23 21:24:10+00:00,2026-04-26 21:40:31+00:00,3,4,66330 -> 66342 -> 66330 -> 66331
5515803389722531727,2026-04-25 04:38:16+00:00,2026-04-25 04:38:17+00:00,2,2,66332 -> 66342
9104537236622065185,2026-04-22 10:32:38+00:00,2026-04-22 10:32:38+00:00,2,2,66330 -> 66331
2139918415854311713,2026-04-26 10:20:44+00:00,2026-04-26 10:20:44+00:00,2,2,66333 -> 66342
2117674019090716190,2026-04-22 18:17:59+00:00,2026-04-22 18:17:59+00:00,2,2,66330 -> 66331
6777074679324064391,2026-04-25 16:22:29+00:00,2026-04-25 16:22:30+00:00,2,2,66331 -> 66330
4567776346671510626,2026-04-26 19:17:52+00:00,2026-04-26 19:17:52+00:00,2,2,66330 -> 66331
58188320071860715,2026-04-26 18:55:44+00:00,2026-04-26 18:55:44+00:00,2,2,66333 -> 66342
-7572737783350135052,2026-04-26 14:40:06+00:00,2026-04-26 14:40:06+00:00,2,2,66333 -> 66342
8440607651911071844,2026-04-26 14:34:02+00:00,2026-04-26 14:35:55+00:00,3,3,66331 -> 66330 -> 66335
8903537434034479727,2026-04-25 17:03:59+00:00,2026-04-25 17:03:59+00:00,2,2,66333 -> 66342
88229089714625099,2026-04-25 14:54:58+00:00,2026-04-25 17:45:47+00:00,3,4,66342 -> 66333 -> 66331 -> 66342
2415051297192666346,2026-04-25 23:32:37+00:00,2026-04-25 23:32:37+00:00,2,2,66340 -> 66333
9104917324363338047,2026-04-20 19:24:00+00:00,2026-04-20 19:24:01+00:00,2,2,66331 -> 66330
-3463828423678230519,2026-04-23 13:22:17+00:00,2026-04-23 13:22:17+00:00,2,2,66333 -> 66342
-5531595498098741929,2026-04-22 13:58:30+00:00,2026-04-22 13:58:30+00:00,2,2,66331 -> 66332
-3382138395979644729,2026-04-23 14:44:45+00:00,2026-04-24 10:45:21+00:00,2,2,66342 -> 66332
-6163463173207442238,2026-04-21 17:40:39+00:00,2026-04-26 12:16:01+00:00,3,3,66332 -> 66330 -> 66331
4689846917614421588,2026-04-25 13:53:28+00:00,2026-04-25 13:53:28+00:00,2,2,66333 -> 66342
5429551665438994208,2026-04-25 21:19:19+00:00,2026-04-25 21:19:19+00:00,2,2,66330 -> 66331
5028172943960332190,2026-04-22 13:06:07+00:00,2026-04-22 13:06:07+00:00,2,2,66330 -> 66331
5101942208281448531,2026-04-25 16:14:03+00:00,2026-04-25 16:14:03+00:00,2,2,66342 -> 66340
-1933123300295712873,2026-04-25 08:13:17+00:00,2026-04-25 10:07:48+00:00,2,3,66340 -> 66336 -> 66340
828998894560916504,2026-04-25 08:39:18+00:00,2026-04-25 08:54:05+00:00,4,4,66333 -> 66342 -> 66340 -> 66336
-2495629179262977080,2026-04-25 13:02:38+00:00,2026-04-25 13:02:38+00:00,2,2,66330 -> 66331
4756383182361091213,2026-04-25 14:33:34+00:00,2026-04-25 15:01:00+00:00,3,3,66333 -> 66342 -> 66340
-2592948096344979026,2026-04-21 14:51:29+00:00,2026-04-21 14:51:30+00:00,2,2,66331 -> 66330
5162757590759061615,2026-04-26 12:14:02+00:00,2026-04-26 12:14:03+00:00,2,2,66331 -> 66330
-8085895664607117899,2026-04-25 11:34:35+00:00,2026-04-25 11:34:35+00:00,2,2,66330 -> 66331
-2724925020041695304,2026-04-25 11:37:59+00:00,2026-04-25 11:37:59+00:00,2,2,66330 -> 66331
3740261902984386647,2026-04-26 11:15:41+00:00,2026-04-26 11:15:41+00:00,2,2,66330 -> 66331
-1131395023479628906,2026-04-23 13:26:25+00:00,2026-04-23 13:26:25+00:00,2,2,66333 -> 66342
7111613258452191290,2026-04-22 20:18:08+00:00,2026-04-25 11:54:18+00:00,3,3,66331 -> 66335 -> 66340
-8018927419095473745,2026-04-20 11:02:13+00:00,2026-04-20 11:02:59+00:00,2,2,66330 -> 66331
-4006874654109189361,2026-04-24 12:35:05+00:00,2026-04-24 12:35:06+00:00,2,2,66342 -> 66333
6621132962770469249,2026-04-25 13:56:18+00:00,2026-04-25 13:56:18+00:00,2,2,66330 -> 66331
-816647997722316640,2026-04-26 16:22:10+00:00,2026-04-26 16:22:10+00:00,2,2,66333 -> 66342
-5615978617533525444,2026-04-20 14:53:21+00:00,2026-04-26 10:02:34+00:00,2,3,66336 -> 66335 -> 66336
5045666329027442170,2026-04-26 18:50:47+00:00,2026-04-26 18:50:48+00:00,3,3,66332 -> 66333 -> 66342
-181418700499409972,2026-04-25 15:07:57+00:00,2026-04-25 15:07:57+00:00,2,2,66333 -> 66342
2130504410806549645,2026-04-21 17:29:05+00:00,2026-04-21 17:29:06+00:00,2,2,66330 -> 66331
5980513820428442394,2026-04-24 11:51:26+00:00,2026-04-24 11:51:29+00:00,2,2,66332 -> 66342
-7441560555811033855,2026-04-25 09:44:46+00:00,2026-04-25 09:44:46+00:00,2,2,66333 -> 66342
2907447444954127244,2026-04-26 12:02:19+00:00,2026-04-26 12:02:19+00:00,2,2,66333 -> 66342
5583599824386151740,2026-04-20 13:27:10+00:00,2026-04-25 20:47:41+00:00,2,2,66332 -> 66340
-6609883737800098348,2026-04-23 18:07:21+00:00,2026-04-23 18:07:21+00:00,2,2,66333 -> 66342
-4172554768468500708,2026-04-24 17:12:41+00:00,2026-04-24 17:12:51+00:00,2,2,66336 -> 66335
-8074008249529882264,2026-04-26 17:49:46+00:00,2026-04-26 17:51:53+00:00,3,3,66331 -> 66333 -> 66342
4683008962539381212,2026-04-23 22:19:53+00:00,2026-04-23 22:19:53+00:00,2,2,66333 -> 66342
5232697291113488918,2026-04-22 19:13:49+00:00,2026-04-22 19:13:49+00:00,2,2,66330 -> 66331
-5786993110031481160,2026-04-24 15:02:09+00:00,2026-04-24 15:02:10+00:00,2,2,66331 -> 66330
8818708517337134130,2026-04-26 20:45:34+00:00,2026-04-26 20:45:34+00:00,2,2,66330 -> 66331
-2453280839425750154,2026-04-26 13:40:29+00:00,2026-04-26 13:40:30+00:00,2,2,66342 -> 66333
5672615763453413187,2026-04-25 13:24:02+00:00,2026-04-25 13:24:24+00:00,2,2,66342 -> 66332
1338550644937181699,2026-04-25 12:07:07+00:00,2026-04-25 12:07:07+00:00,2,2,66333 -> 66342
-4228427959189395770,2026-04-21 09:38:09+00:00,2026-04-21 09:38:09+00:00,2,2,66330 -> 66331
-3019978922338517620,2026-04-24 22:44:17+00:00,2026-04-24 22:44:19+00:00,2,2,66330 -> 66331
-595229774614513042,2026-04-26 15:49:21+00:00,2026-04-26 15:52:14+00:00,2,2,66336 -> 66342
-9091025640694338242,2026-04-25 13:18:11+00:00,2026-04-25 13:18:11+00:00,2,2,66330 -> 66331
916902281851099863,2026-04-26 10:33:42+00:00,2026-04-26 10:35:20+00:00,4,4,66330 -> 66331 -> 66335 -> 66336
5723722546631974147,2026-04-23 22:24:40+00:00,2026-04-23 22:24:40+00:00,2,2,66333 -> 66342
4876386857621045907,2026-04-21 18:45:16+00:00,2026-04-21 18:45:17+00:00,2,2,66330 -> 66331
5168211375987238567,2026-04-20 14:40:58+00:00,2026-04-20 14:40:59+00:00,2,2,66335 -> 66336
647320332300517927,2026-04-26 18:47:41+00:00,2026-04-26 18:47:42+00:00,2,2,66332 -> 66342
2289989191670610920,2026-04-20 15:13:11+00:00,2026-04-20 15:13:11+00:00,2,2,66330 -> 66331
7171032862836741621,2026-04-25 21:46:42+00:00,2026-04-25 21:46:42+00:00,2,2,66330 -> 66331
-1399431867610467276,2026-04-23 14:12:42+00:00,2026-04-23 14:12:42+00:00,2,2,66333 -> 66342
-3331282867080443739,2026-04-22 16:22:08+00:00,2026-04-22 16:22:08+00:00,2,2,66330 -> 66331
8915325696658824076,2026-04-26 16:59:36+00:00,2026-04-26 17:02:55+00:00,2,2,66340 -> 66342
-2335536992550314201,2026-04-22 18:03:49+00:00,2026-04-22 18:03:49+00:00,2,2,66330 -> 66331
3458369323331476783,2026-04-26 10:02:06+00:00,2026-04-26 10:02:07+00:00,2,2,66333 -> 66342
-2116418589172036136,2026-04-21 16:18:44+00:00,2026-04-21 16:18:44+00:00,2,2,66330 -> 66331
8945317012402055233,2026-04-26 09:46:18+00:00,2026-04-26 14:01:59+00:00,2,2,66336 -> 66335
-7712667173695424928,2026-04-24 09:34:26+00:00,2026-04-24 09:34:28+00:00,2,2,66332 -> 66342
6141090361684312378,2026-04-21 20:55:55+00:00,2026-04-21 20:55:55+00:00,2,2,66330 -> 66331
6662991890363267576,2026-04-22 17:02:33+00:00,2026-04-22 17:42:17+00:00,2,2,66330 -> 66332
6948370306117420770,2026-04-22 10:57:09+00:00,2026-04-22 10:57:10+00:00,2,2,66330 -> 66331
-2232242677289052524,2026-04-26 11:11:26+00:00,2026-04-26 11:11:26+00:00,2,2,66335 -> 66336
3500835507344892417,2026-04-23 08:58:53+00:00,2026-04-23 10:14:25+00:00,3,3,66342 -> 66333 -> 66335
-8352248754577638624,2026-04-24 16:00:15+00:00,2026-04-24 16:00:15+00:00,2,2,66331 -> 66332
6592320472187490447,2026-04-25 19:36:23+00:00,2026-04-25 19:36:23+00:00,2,2,66333 -> 66342
-3547538921083996140,2026-04-23 14:35:28+00:00,2026-04-23 14:35:28+00:00,2,2,66330 -> 66331
5533217656016435755,2026-04-22 11:49:23+00:00,2026-04-22 11:49:23+00:00,2,2,66330 -> 66331
6722901933425639541,2026-04-20 21:33:38+00:00,2026-04-20 21:33:38+00:00,2,2,66330 -> 66331
-6335769633926214523,2026-04-25 12:27:44+00:00,2026-04-25 12:27:44+00:00,2,2,66333 -> 66342
-3948270072912933547,2026-04-24 10:42:31+00:00,2026-04-24 10:49:02+00:00,4,4,66332 -> 66342 -> 66330 -> 66331
2534071057880723072,2026-04-24 12:59:59+00:00,2026-04-24 12:59:59+00:00,2,2,66333 -> 66342
-9065691056987582150,2026-04-25 21:41:07+00:00,2026-04-25 21:41:08+00:00,2,2,66333 -> 66342
-8823870274264839261,2026-04-20 15:11:44+00:00,2026-04-20 15:14:34+00:00,2,2,66342 -> 66340
-9177922236915397998,2026-04-24 09:59:16+00:00,2026-04-24 09:59:16+00:00,2,2,66330 -> 66331
-4786097562712440020,2026-04-22 14:16:20+00:00,2026-04-22 14:16:20+00:00,2,2,66330 -> 66331
6199174279842857766,2026-04-22 09:46:10+00:00,2026-04-22 09:46:10+00:00,2,2,66330 -> 66331
3182492132374020829,2026-04-26 16:34:56+00:00,2026-04-26 16:34:57+00:00,2,2,66342 -> 66333
-7452926169293011126,2026-04-24 04:24:36+00:00,2026-04-25 11:56:34+00:00,2,2,66330 -> 66331
-6133793121105341422,2026-04-25 19:05:11+00:00,2026-04-25 19:05:11+00:00,2,2,66330 -> 66331
5095698235821554997,2026-04-20 09:57:55+00:00,2026-04-20 09:57:55+00:00,2,2,66336 -> 66340
4136832030336311394,2026-04-26 09:54:20+00:00,2026-04-26 09:54:20+00:00,2,2,66333 -> 66342
4548990848056679145,2026-04-25 16:00:53+00:00,2026-04-25 16:00:54+00:00,2,2,66333 -> 66342
-2239914453784058173,2026-04-23 14:12:32+00:00,2026-04-26 10:59:49+00:00,2,4,66342 -> 66333 -> 66342 -> 66333
-8014998013693696492,2026-04-24 19:30:31+00:00,2026-04-24 19:30:32+00:00,2,2,66340 -> 66342
1377126272318225,2026-04-25 01:18:36+00:00,2026-04-25 01:18:36+00:00,3,3,66340 -> 66333 -> 66342
-500852241646892327,2026-04-26 16:19:53+00:00,2026-04-26 16:19:53+00:00,2,2,66333 -> 66342
9088042743560452825,2026-04-22 07:07:26+00:00,2026-04-22 07:07:26+00:00,2,2,66330 -> 66331
-8883384001008237033,2026-04-25 13:55:50+00:00,2026-04-25 13:55:50+00:00,2,2,66333 -> 66342
2479110790699922504,2026-04-24 12:11:13+00:00,2026-04-24 12:21:51+00:00,3,3,66335 -> 66336 -> 66340
90713471236835807,2026-04-21 11:54:49+00:00,2026-04-21 11:54:49+00:00,2,2,66330 -> 66331
6476407260228263293,2026-04-20 05:43:34+00:00,2026-04-20 05:43:34+00:00,2,2,66330 -> 66331
7231850858512254452,2026-04-24 10:04:17+00:00,2026-04-24 10:04:17+00:00,2,2,66333 -> 66342
6752664471501157070,2026-04-26 06:17:25+00:00,2026-04-26 06:17:25+00:00,2,2,66333 -> 66342
1581961151262971440,2026-04-25 11:56:10+00:00,2026-04-25 11:56:10+00:00,2,2,66333 -> 66342
2434864815136552152,2026-04-26 18:21:36+00:00,2026-04-26 18:21:36+00:00,2,2,66330 -> 66331
-6418497639129305179,2026-04-24 15:42:37+00:00,2026-04-24 15:42:38+00:00,2,2,66331 -> 66330
-5633078117628400741,2026-04-22 06:12:07+00:00,2026-04-22 06:12:07+00:00,2,2,66330 -> 66331
340072803804047951,2026-04-24 17:29:42+00:00,2026-04-24 17:29:42+00:00,2,2,66330 -> 66331
1040095528358170179,2026-04-26 14:29:08+00:00,2026-04-26 14:29:20+00:00,2,2,66342 -> 66333
832834201791607209,2026-04-26 14:19:40+00:00,2026-04-26 14:19:40+00:00,2,2,66333 -> 66342
-4129087550038411180,2026-04-24 11:01:09+00:00,2026-04-24 14:01:31+00:00,2,2,66340 -> 66333
-2467164303325560531,2026-04-21 14:50:35+00:00,2026-04-21 14:50:55+00:00,2,2,66330 -> 66331
5493148224603941288,2026-04-25 17:40:02+00:00,2026-04-25 17:40:02+00:00,2,2,66333 -> 66342
-2143281083531144755,2026-04-21 16:39:20+00:00,2026-04-23 12:04:10+00:00,2,2,66332 -> 66342
8791348683972370295,2026-04-25 12:34:42+00:00,2026-04-25 12:34:43+00:00,2,2,66331 -> 66330
7489951452362442973,2026-04-26 08:47:16+00:00,2026-04-26 15:04:22+00:00,2,4,66330 -> 66331 -> 66330 -> 66331
-3703942567533775035,2026-04-25 15:37:11+00:00,2026-04-25 15:37:11+00:00,2,2,66333 -> 66342
1712771511483577863,2026-04-22 20:41:11+00:00,2026-04-22 20:41:11+00:00,2,2,66330 -> 66331
-1138978169936484277,2026-04-26 11:10:51+00:00,2026-04-26 11:10:51+00:00,2,2,66333 -> 66342
-4363136125320458202,2026-04-23 10:59:44+00:00,2026-04-23 10:59:44+00:00,2,2,66335 -> 66336
2251969392813833707,2026-04-26 13:35:23+00:00,2026-04-26 13:35:23+00:00,2,2,66333 -> 66342
-3652422524836937240,2026-04-24 15:51:32+00:00,2026-04-24 16:17:45+00:00,2,2,66340 -> 66336
-7802031837814732103,2026-04-25 10:38:03+00:00,2026-04-25 10:38:03+00:00,2,2,66333 -> 66342
-4676736349570884658,2026-04-26 12:52:39+00:00,2026-04-26 12:52:39+00:00,2,2,66333 -> 66342
2920635135136801289,2026-04-26 12:24:00+00:00,2026-04-26 12:24:01+00:00,2,2,66330 -> 66331
-7204549942089491123,2026-04-25 17:22:30+00:00,2026-04-25 17:22:30+00:00,2,2,66333 -> 66342
7524114151659474555,2026-04-25 13:59:35+00:00,2026-04-25 13:59:35+00:00,2,2,66333 -> 66342
-959196881515428556,2026-04-21 11:55:42+00:00,2026-04-21 11:55:43+00:00,2,2,66330 -> 66331
-4380610502997199742,2026-04-25 10:17:28+00:00,2026-04-25 10:17:28+00:00,2,2,66333 -> 66342
5819047445543726966,2026-04-21 18:31:20+00:00,2026-04-21 20:40:22+00:00,3,4,66330 -> 66332 -> 66330 -> 66331
-4416223891292241726,2026-04-25 14:06:51+00:00,2026-04-25 14:06:51+00:00,2,2,66330 -> 66331
-1622394612904161987,2026-04-24 19:44:22+00:00,2026-04-25 08:31:02+00:00,3,3,66333 -> 66330 -> 66331
-7290905742393731905,2026-04-24 21:32:03+00:00,2026-04-24 21:32:03+00:00,2,2,66333 -> 66342
8909696412503329319,2026-04-26 11:03:02+00:00,2026-04-26 11:05:42+00:00,2,2,66340 -> 66335
-3683393071595446499,2026-04-25 17:32:05+00:00,2026-04-25 17:32:05+00:00,2,2,66330 -> 66331
7543839017863798192,2026-04-25 19:53:31+00:00,2026-04-25 19:53:32+00:00,2,2,66330 -> 66331
7606484651493656091,2026-04-25 21:50:32+00:00,2026-04-25 21:50:32+00:00,2,2,66332 -> 66342
-53938427169700000,2026-04-20 09:31:33+00:00,2026-04-26 17:58:39+00:00,3,8,66331 -> 66330 -> 66331 -> 66330 -> 66331 -> 66330 -> 66335 -> 66330
7377825959945095419,2026-04-26 14:46:54+00:00,2026-04-26 14:49:46+00:00,3,3,66330 -> 66331 -> 66340
-9059691311104842194,2026-04-25 11:26:14+00:00,2026-04-25 11:27:27+00:00,2,2,66330 -> 66332
-1079492487245393529,2026-04-25 09:15:44+00:00,2026-04-25 09:15:44+00:00,2,2,66332 -> 66342
3066779054033995181,2026-04-25 11:53:53+00:00,2026-04-25 11:53:53+00:00,2,2,66333 -> 66342
785901708351449003,2026-04-25 16:50:34+00:00,2026-04-25 16:50:34+00:00,2,2,66333 -> 66342
-5372249692279540512,2026-04-23 14:12:28+00:00,2026-04-23 14:12:28+00:00,2,2,66333 -> 66342
4061426268387280404,2026-04-22 11:32:01+00:00,2026-04-22 11:32:01+00:00,2,2,66332 -> 66342
-7776502649416220300,2026-04-24 06:59:21+00:00,2026-04-24 06:59:21+00:00,2,2,66330 -> 66331
156635839548347981,2026-04-20 14:26:15+00:00,2026-04-20 15:29:41+00:00,5,5,66336 -> 66340 -> 66330 -> 66331 -> 66332
-1938812389545018843,2026-04-22 10:14:42+00:00,2026-04-22 10:14:43+00:00,2,2,66331 -> 66330
-3060016510901309221,2026-04-23 09:33:29+00:00,2026-04-23 09:33:30+00:00,2,2,66330 -> 66331
-1478386043691727438,2026-04-24 13:21:36+00:00,2026-04-24 14:08:37+00:00,3,3,66335 -> 66332 -> 66330
-8838341793581147113,2026-04-20 12:16:35+00:00,2026-04-20 12:16:35+00:00,2,2,66335 -> 66336
9049923013867254348,2026-04-22 10:09:27+00:00,2026-04-22 10:24:06+00:00,5,5,66336 -> 66340 -> 66330 -> 66331 -> 66332
-1627568044277112817,2026-04-26 14:52:44+00:00,2026-04-26 14:52:45+00:00,2,2,66330 -> 66331
864247576159230806,2026-04-25 15:45:42+00:00,2026-04-25 18:13:04+00:00,4,5,66330 -> 66331 -> 66336 -> 66340 -> 66330
-9136431336331745232,2026-04-25 15:53:36+00:00,2026-04-25 17:30:39+00:00,2,3,66333 -> 66342 -> 66333
5230328842551291417,2026-04-25 13:02:04+00:00,2026-04-25 14:26:56+00:00,2,2,66342 -> 66333
3414809337036633742,2026-04-26 12:35:20+00:00,2026-04-26 12:35:22+00:00,2,2,66342 -> 66333
-7742279938879399323,2026-04-22 12:52:51+00:00,2026-04-22 12:52:51+00:00,2,2,66330 -> 66331
-2760236572677577909,2026-04-26 10:58:47+00:00,2026-04-26 10:58:47+00:00,2,2,66333 -> 66342
-7247817914644410883,2026-04-25 12:10:40+00:00,2026-04-25 12:10:40+00:00,2,2,66332 -> 66342
8038437848489625964,2026-04-23 09:18:14+00:00,2026-04-24 15:23:07+00:00,2,2,66331 -> 66330
-1866735433526286107,2026-04-26 18:16:20+00:00,2026-04-26 18:16:20+00:00,2,2,66333 -> 66342
-9143971100658312376,2026-04-26 13:44:18+00:00,2026-04-26 14:11:41+00:00,4,4,66335 -> 66333 -> 66342 -> 66332
8186431865166652720,2026-04-26 09:27:12+00:00,2026-04-26 09:27:12+00:00,2,2,66333 -> 66342
-4443958361115793081,2026-04-23 14:04:17+00:00,2026-04-23 14:04:17+00:00,2,2,66330 -> 66331
-2106167788146825167,2026-04-26 11:27:39+00:00,2026-04-26 11:27:39+00:00,2,2,66333 -> 66342
-8230086830575546657,2026-04-21 18:29:37+00:00,2026-04-21 18:29:37+00:00,2,2,66330 -> 66331
-6232433055870667682,2026-04-22 18:57:35+00:00,2026-04-22 18:57:35+00:00,2,2,66330 -> 66331
1025815565529362794,2026-04-26 10:42:14+00:00,2026-04-26 10:42:14+00:00,2,2,66333 -> 66342
-5474990142871826271,2026-04-26 14:34:51+00:00,2026-04-26 14:34:51+00:00,2,2,66333 -> 66342
2834976130904550622,2026-04-20 10:41:24+00:00,2026-04-20 10:41:24+00:00,2,2,66330 -> 66331
-106730395226320624,2026-04-22 14:32:06+00:00,2026-04-22 14:32:07+00:00,2,2,66330 -> 66331
-709644452658635711,2026-04-25 14:18:21+00:00,2026-04-25 14:18:22+00:00,2,2,66342 -> 66333
-159407008536029507,2026-04-25 21:02:54+00:00,2026-04-25 21:02:55+00:00,2,2,66330 -> 66331
1870701063000086116,2026-04-24 19:03:02+00:00,2026-04-24 19:03:02+00:00,2,2,66333 -> 66342
-821786219879531603,2026-04-22 12:02:58+00:00,2026-04-22 12:02:58+00:00,2,2,66330 -> 66331
-8416888765112294900,2026-04-25 13:52:33+00:00,2026-04-25 13:52:33+00:00,2,2,66330 -> 66331
-5420835588155702705,2026-04-25 17:29:56+00:00,2026-04-25 17:29:57+00:00,2,2,66342 -> 66340
8019266144796012604,2026-04-22 18:24:54+00:00,2026-04-22 18:24:55+00:00,2,2,66330 -> 66331
-7597399090961363740,2026-04-26 10:26:41+00:00,2026-04-26 10:26:41+00:00,2,2,66333 -> 66342
3089343876079770514,2026-04-21 14:31:35+00:00,2026-04-21 14:31:47+00:00,2,2,66330 -> 66331
-58594105798540962,2026-04-20 11:01:59+00:00,2026-04-23 19:50:32+00:00,2,2,66336 -> 66330
-1349765947461407515,2026-04-25 00:11:47+00:00,2026-04-25 17:24:14+00:00,2,2,66330 -> 66331
1414010467932156652,2026-04-21 06:43:38+00:00,2026-04-21 06:43:39+00:00,2,2,66331 -> 66330
