hour_start,unique_devices_mall,estimated_mall_visitors,date
2026-04-20 00:00:00+00:00,2043,380.78,2026-04-20
2026-04-20 01:00:00+00:00,1762,328.41,2026-04-20
2026-04-20 02:00:00+00:00,1658,309.02,2026-04-20
2026-04-20 03:00:00+00:00,1643,306.23,2026-04-20
2026-04-20 04:00:00+00:00,1780,331.76,2026-04-20
2026-04-20 05:00:00+00:00,2186,407.43,2026-04-20
2026-04-20 06:00:00+00:00,3170,590.83,2026-04-20
2026-04-20 07:00:00+00:00,4860,905.82,2026-04-20
2026-04-20 08:00:00+00:00,8173,1523.3,2026-04-20
2026-04-20 09:00:00+00:00,13766,2565.74,2026-04-20
2026-04-20 10:00:00+00:00,19757,3682.35,2026-04-20
2026-04-20 11:00:00+00:00,25893,4826.0,2026-04-20
2026-04-20 12:00:00+00:00,25945,4835.69,2026-04-20
2026-04-20 13:00:00+00:00,23722,4421.36,2026-04-20
2026-04-20 14:00:00+00:00,23435,4367.87,2026-04-20
2026-04-20 15:00:00+00:00,23545,4388.37,2026-04-20
2026-04-20 16:00:00+00:00,21666,4038.16,2026-04-20
2026-04-20 17:00:00+00:00,17125,3191.8,2026-04-20
2026-04-20 18:00:00+00:00,11568,2156.07,2026-04-20
2026-04-20 19:00:00+00:00,6630,1235.71,2026-04-20
2026-04-20 20:00:00+00:00,6919,1289.58,2026-04-20
2026-04-20 21:00:00+00:00,4145,772.55,2026-04-20
2026-04-20 22:00:00+00:00,2556,476.39,2026-04-20
2026-04-20 23:00:00+00:00,2061,384.13,2026-04-20
2026-04-21 00:00:00+00:00,547,101.95,2026-04-21
2026-04-21 01:00:00+00:00,728,135.69,2026-04-21
2026-04-21 02:00:00+00:00,574,106.98,2026-04-21
2026-04-21 03:00:00+00:00,548,102.14,2026-04-21
2026-04-21 04:00:00+00:00,659,122.83,2026-04-21
2026-04-21 05:00:00+00:00,1463,272.68,2026-04-21
2026-04-21 06:00:00+00:00,2498,465.58,2026-04-21
2026-04-21 07:00:00+00:00,3086,575.18,2026-04-21
2026-04-21 08:00:00+00:00,5075,945.89,2026-04-21
2026-04-21 09:00:00+00:00,7078,1319.21,2026-04-21
2026-04-21 10:00:00+00:00,10248,1910.05,2026-04-21
2026-04-21 11:00:00+00:00,14778,2754.36,2026-04-21
2026-04-21 12:00:00+00:00,17055,3178.75,2026-04-21
2026-04-21 13:00:00+00:00,14792,2756.97,2026-04-21
2026-04-21 14:00:00+00:00,14320,2668.99,2026-04-21
2026-04-21 15:00:00+00:00,13224,2464.72,2026-04-21
2026-04-21 16:00:00+00:00,14130,2633.58,2026-04-21
2026-04-21 17:00:00+00:00,11974,2231.74,2026-04-21
2026-04-21 18:00:00+00:00,9233,1720.87,2026-04-21
2026-04-21 19:00:00+00:00,5346,996.4,2026-04-21
2026-04-21 20:00:00+00:00,4136,770.88,2026-04-21
2026-04-21 21:00:00+00:00,3456,644.14,2026-04-21
2026-04-21 22:00:00+00:00,2027,377.8,2026-04-21
2026-04-21 23:00:00+00:00,1320,246.02,2026-04-21
2026-04-22 00:00:00+00:00,1215,226.45,2026-04-22
2026-04-22 01:00:00+00:00,1153,214.9,2026-04-22
2026-04-22 02:00:00+00:00,1212,225.9,2026-04-22
2026-04-22 03:00:00+00:00,1323,246.58,2026-04-22
2026-04-22 04:00:00+00:00,1291,240.62,2026-04-22
2026-04-22 05:00:00+00:00,1970,367.17,2026-04-22
2026-04-22 06:00:00+00:00,3392,632.21,2026-04-22
2026-04-22 07:00:00+00:00,4505,839.65,2026-04-22
2026-04-22 08:00:00+00:00,6988,1302.44,2026-04-22
2026-04-22 09:00:00+00:00,11693,2179.37,2026-04-22
2026-04-22 10:00:00+00:00,16086,2998.14,2026-04-22
2026-04-22 11:00:00+00:00,23070,4299.84,2026-04-22
2026-04-22 12:00:00+00:00,25326,4720.32,2026-04-22
2026-04-22 13:00:00+00:00,22583,4209.07,2026-04-22
2026-04-22 14:00:00+00:00,23833,4442.05,2026-04-22
2026-04-22 15:00:00+00:00,24959,4651.91,2026-04-22
2026-04-22 16:00:00+00:00,24729,4609.05,2026-04-22
2026-04-22 17:00:00+00:00,21617,4029.02,2026-04-22
2026-04-22 18:00:00+00:00,15641,2915.2,2026-04-22
2026-04-22 19:00:00+00:00,8697,1620.97,2026-04-22
2026-04-22 20:00:00+00:00,7575,1411.85,2026-04-22
2026-04-22 21:00:00+00:00,4542,846.55,2026-04-22
2026-04-22 22:00:00+00:00,3041,566.79,2026-04-22
2026-04-22 23:00:00+00:00,1984,369.78,2026-04-22
2026-04-23 00:00:00+00:00,2189,407.99,2026-04-23
2026-04-23 01:00:00+00:00,1995,371.83,2026-04-23
2026-04-23 02:00:00+00:00,2097,390.84,2026-04-23
2026-04-23 03:00:00+00:00,1962,365.68,2026-04-23
2026-04-23 04:00:00+00:00,2164,403.33,2026-04-23
2026-04-23 05:00:00+00:00,3111,579.84,2026-04-23
2026-04-23 06:00:00+00:00,3584,667.99,2026-04-23
2026-04-23 07:00:00+00:00,3894,725.77,2026-04-23
2026-04-23 08:00:00+00:00,5968,1112.33,2026-04-23
2026-04-23 09:00:00+00:00,8851,1649.67,2026-04-23
2026-04-23 10:00:00+00:00,15126,2819.22,2026-04-23
2026-04-23 11:00:00+00:00,18283,3407.63,2026-04-23
2026-04-23 12:00:00+00:00,18523,3452.36,2026-04-23
2026-04-23 13:00:00+00:00,19515,3637.25,2026-04-23
2026-04-23 14:00:00+00:00,20653,3849.35,2026-04-23
2026-04-23 15:00:00+00:00,19676,3667.26,2026-04-23
2026-04-23 16:00:00+00:00,22010,4102.27,2026-04-23
2026-04-23 17:00:00+00:00,20278,3779.46,2026-04-23
2026-04-23 18:00:00+00:00,15177,2828.72,2026-04-23
2026-04-23 19:00:00+00:00,9276,1728.88,2026-04-23
2026-04-23 20:00:00+00:00,7406,1380.35,2026-04-23
2026-04-23 21:00:00+00:00,6478,1207.38,2026-04-23
2026-04-23 22:00:00+00:00,6496,1210.74,2026-04-23
2026-04-23 23:00:00+00:00,3325,619.72,2026-04-23
2026-04-24 00:00:00+00:00,2594,483.48,2026-04-24
2026-04-24 01:00:00+00:00,2296,427.93,2026-04-24
2026-04-24 02:00:00+00:00,2058,383.57,2026-04-24
2026-04-24 03:00:00+00:00,2087,388.98,2026-04-24
2026-04-24 04:00:00+00:00,2397,446.76,2026-04-24
2026-04-24 05:00:00+00:00,3481,648.8,2026-04-24
2026-04-24 06:00:00+00:00,4379,816.17,2026-04-24
2026-04-24 07:00:00+00:00,5993,1116.99,2026-04-24
2026-04-24 08:00:00+00:00,9069,1690.3,2026-04-24
2026-04-24 09:00:00+00:00,16067,2994.6,2026-04-24
2026-04-24 10:00:00+00:00,24619,4588.54,2026-04-24
2026-04-24 11:00:00+00:00,28427,5298.29,2026-04-24
2026-04-24 12:00:00+00:00,27040,5039.78,2026-04-24
2026-04-24 13:00:00+00:00,26366,4914.15,2026-04-24
2026-04-24 14:00:00+00:00,25774,4803.82,2026-04-24
2026-04-24 15:00:00+00:00,26003,4846.5,2026-04-24
2026-04-24 16:00:00+00:00,25039,4666.82,2026-04-24
2026-04-24 17:00:00+00:00,23793,4434.59,2026-04-24
2026-04-24 18:00:00+00:00,20981,3910.49,2026-04-24
2026-04-24 19:00:00+00:00,12599,2348.23,2026-04-24
2026-04-24 20:00:00+00:00,10811,2014.98,2026-04-24
2026-04-24 21:00:00+00:00,7156,1333.75,2026-04-24
2026-04-24 22:00:00+00:00,5093,949.24,2026-04-24
2026-04-24 23:00:00+00:00,3097,577.23,2026-04-24
2026-04-25 00:00:00+00:00,2545,474.34,2026-04-25
2026-04-25 01:00:00+00:00,1875,349.47,2026-04-25
2026-04-25 02:00:00+00:00,1532,285.54,2026-04-25
2026-04-25 03:00:00+00:00,1511,281.62,2026-04-25
2026-04-25 04:00:00+00:00,1757,327.47,2026-04-25
2026-04-25 05:00:00+00:00,2766,515.53,2026-04-25
2026-04-25 06:00:00+00:00,3091,576.11,2026-04-25
2026-04-25 07:00:00+00:00,5161,961.92,2026-04-25
2026-04-25 08:00:00+00:00,12969,2417.19,2026-04-25
2026-04-25 09:00:00+00:00,24711,4605.69,2026-04-25
2026-04-25 10:00:00+00:00,34651,6458.33,2026-04-25
2026-04-25 11:00:00+00:00,38237,7126.7,2026-04-25
2026-04-25 12:00:00+00:00,44618,8316.0,2026-04-25
2026-04-25 13:00:00+00:00,44662,8324.2,2026-04-25
2026-04-25 14:00:00+00:00,42877,7991.51,2026-04-25
2026-04-25 15:00:00+00:00,38793,7230.33,2026-04-25
2026-04-25 16:00:00+00:00,42421,7906.52,2026-04-25
2026-04-25 17:00:00+00:00,35705,6654.78,2026-04-25
2026-04-25 18:00:00+00:00,26008,4847.43,2026-04-25
2026-04-25 19:00:00+00:00,25964,4839.23,2026-04-25
2026-04-25 20:00:00+00:00,17910,3338.11,2026-04-25
2026-04-25 21:00:00+00:00,11399,2124.57,2026-04-25
2026-04-25 22:00:00+00:00,6610,1231.99,2026-04-25
2026-04-25 23:00:00+00:00,3502,652.71,2026-04-25
2026-04-26 00:00:00+00:00,4081,760.63,2026-04-26
2026-04-26 01:00:00+00:00,3529,657.74,2026-04-26
2026-04-26 02:00:00+00:00,2832,527.83,2026-04-26
2026-04-26 03:00:00+00:00,2525,470.62,2026-04-26
2026-04-26 04:00:00+00:00,2423,451.6,2026-04-26
2026-04-26 05:00:00+00:00,3246,605.0,2026-04-26
2026-04-26 06:00:00+00:00,3097,577.23,2026-04-26
2026-04-26 07:00:00+00:00,4686,873.39,2026-04-26
2026-04-26 08:00:00+00:00,8663,1614.63,2026-04-26
2026-04-26 09:00:00+00:00,15752,2935.89,2026-04-26
2026-04-26 10:00:00+00:00,29733,5541.7,2026-04-26
2026-04-26 11:00:00+00:00,40207,7493.87,2026-04-26
2026-04-26 12:00:00+00:00,42950,8005.12,2026-04-26
2026-04-26 13:00:00+00:00,40706,7586.87,2026-04-26
2026-04-26 14:00:00+00:00,43574,8121.42,2026-04-26
2026-04-26 15:00:00+00:00,38285,7135.64,2026-04-26
2026-04-26 16:00:00+00:00,21136,3939.37,2026-04-26
2026-04-26 17:00:00+00:00,22916,4271.14,2026-04-26
2026-04-26 18:00:00+00:00,16410,3058.53,2026-04-26
2026-04-26 19:00:00+00:00,13921,2594.63,2026-04-26
2026-04-26 20:00:00+00:00,10988,2047.97,2026-04-26
2026-04-26 21:00:00+00:00,6313,1176.63,2026-04-26
2026-04-26 22:00:00+00:00,4689,873.95,2026-04-26
2026-04-26 23:00:00+00:00,3640,678.43,2026-04-26
