model_name,model_type,features,fit_intercept,eligible_for_recommendation,intercept,slope,mae,mape,r2,loo_mae,loo_mape,loo_max_ape,coef_raw_unique_devices,coef_clean_unique_devices,coef_raw_sessions,coef_clean_sessions,coef_trusted_unique_devices,coef_local_unique_devices,coef_mean_signal_level,coef_zero_duration_ratio,coef_trusted_share_of_clean_unique,coef_local_share_of_clean_unique,selected_for_delivery,selection_note
linear_trusted_unique_devices,linear,trusted_unique_devices,True,True,516.9755907556479,2.3495196052973246,17.014541677486335,0.029670876338133256,0.7996709821219614,49.466206656797056,0.08181354775426683,0.1600347901717764,,,,,2.3495196052973246,,,,,,False,Diagnostic comparison model
linear_local_unique_devices,linear,local_unique_devices,True,True,532.7620515763134,0.01555059588126584,24.581882340463153,0.04240686951475811,0.5303698492041302,59.35202676924783,0.09938294875913486,0.16942870348499528,,,,,,0.01555059588126584,,,,,False,Diagnostic comparison model
linear_raw_unique_devices,linear,raw_unique_devices,True,True,532.5409504169294,0.015521796791502432,24.63292598929587,0.04249412797919639,0.529471703523557,59.467672330165925,0.09959000965817437,0.16938570793987193,0.015521796791502432,,,,,,,,,,False,Diagnostic comparison model
linear_clean_unique_devices,linear,clean_unique_devices,True,True,532.5947188693715,0.01552819989754704,24.62030336570092,0.042474044037796144,0.530108351723602,59.46950501409734,0.09959113056953645,0.16942199680647824,,0.01552819989754704,,,,,,,,,False,Diagnostic comparison model
linear_clean_sessions,linear,clean_sessions,True,True,532.7094619505417,0.015445558307838905,24.659997916362386,0.04253753012737827,0.5281981206699364,59.47059249426249,0.09959938433163244,0.16931374304200453,,,,0.015445558307838905,,,,,,,False,Diagnostic comparison model
linear_raw_sessions,linear,raw_sessions,True,True,532.6339653896541,0.015443772526653122,24.671851291607027,0.042556496199516645,0.5276304698099317,59.47117354947552,0.09960228865700398,0.1692816966307048,,,0.015443772526653122,,,,,,,,False,Diagnostic comparison model
trend_clean_elasticity_beta_005,trend_elasticity,clean_unique_devices,False,True,0.0,0.05,31.08499999999998,0.05299367750750848,0.30692401444478,62.265000000000015,0.10621563627795433,0.16014545454545462,,0.05,,,,,,,,,False,Diagnostic comparison model
trend_clean_elasticity_beta_010,trend_elasticity,clean_unique_devices,False,True,0.0,0.1,35.09249999999997,0.060391200430552364,0.2399696509178466,70.5775,0.12161129880840128,0.13712727272727265,,0.1,,,,,,,,,True,Plan C delivered estimate: preserves clean-device hourly/daily trend while anchored to manual counts
trend_clean_elasticity_beta_025,trend_elasticity,clean_unique_devices,False,True,0.0,0.25,46.699999999999974,0.08187738790375099,-0.7744494432741491,96.15499999999999,0.1690865195736163,0.3054659498207886,,0.25,,,,,,,,,False,Diagnostic comparison model
origin_local_share_of_clean_unique,linear,local_share_of_clean_unique,False,False,0.0,585.1377483398213,33.90770071642771,0.056573474488518995,0.0508864713286572,45.26593996533006,0.07551700768887736,0.13897192434808472,,,,,,,,,,585.1377483398213,False,Diagnostic comparison model
origin_mean_signal_level,linear,mean_signal_level,False,False,0.0,7.078666657338585,37.3514844450641,0.062096526821914286,-0.13395864759527498,49.75086426562672,0.08273474733112479,0.153184233811104,,,,,,,7.078666657338585,,,,False,Diagnostic comparison model
origin_zero_duration_ratio,linear,zero_duration_ratio,False,False,0.0,606.6272892538432,37.475742342507885,0.06232292516731257,-0.1370809137500315,49.891539858804265,0.08299471261000997,0.15360878087712376,,,,,,,,606.6272892538432,,,False,Diagnostic comparison model
linear_local_share_of_clean_unique,linear,local_share_of_clean_unique,True,False,-5213.402055714892,5834.976336523766,27.059964214251067,0.04574542214276452,0.2671273568924235,54.383453617428586,0.09146428791095018,0.17191324934290605,,,,,,,,,,5834.976336523766,False,Diagnostic comparison model
linear_zero_duration_ratio,linear,zero_duration_ratio,True,False,1363.1020128558002,-816.9499801945592,31.498154711327288,0.05269349283872529,0.06729416380638831,59.060748265518924,0.10022339951583213,0.1952783341296361,,,,,,,,-816.9499801945592,,,False,Diagnostic comparison model
linear_mean_signal_level,linear,mean_signal_level,True,False,1108.0954351083028,-6.424786345454491,32.747912366527316,0.05473632980366193,0.03918647565736122,60.1467555957434,0.10192596761620212,0.15021724471858927,,,,,,,-6.424786345454491,,,,False,Diagnostic comparison model
linear_trusted_share_of_clean_unique,linear,trusted_share_of_clean_unique,True,False,592.0926003039285,-1051.6439843244636,34.16634093601158,0.05703549862520329,0.011038506391145675,80.1702976716318,0.13848714324451292,0.3042900058799176,,,,,,,,,-1051.6439843244636,,False,Diagnostic comparison model
blend_trusted_clean,linear,trusted_unique_devices+clean_unique_devices,True,False,517.0851474351397,2.3796736333085144,16.932169291732123,0.02951759777780106,0.799735471915623,94.34635034328777,0.16257789251847676,0.2762987012987012,,-0.0002987421422075981,,,2.3796736333085144,,,,,,False,Diagnostic comparison model
origin_trusted_share_of_clean_unique,linear,trusted_share_of_clean_unique,False,False,0.0,47800.601835380985,198.78317925456776,0.3433236227667048,-27.359439008081946,254.9196835270284,0.4407437866338869,0.6235954614904278,,,,,,,,,47800.601835380985,,False,Diagnostic comparison model
origin_raw_sessions,linear,raw_sessions,False,False,0.0,0.13915695221847413,224.64194584555338,0.38989017239459367,-46.018203452762265,299.2300648331007,0.5063772858961395,0.8249998350571667,,,0.13915695221847413,,,,,,,,False,Diagnostic comparison model
origin_raw_unique_devices,linear,raw_unique_devices,False,False,0.0,0.13961180394664793,224.85520903371076,0.3902437631359897,-45.987955660677194,299.984164310221,0.5075879669019232,0.824674844629792,0.13961180394664793,,,,,,,,,,False,Diagnostic comparison model
origin_clean_sessions,linear,clean_sessions,False,False,0.0,0.13924202066871735,225.14523949421962,0.3907870777177358,-46.17319556423191,300.02092273945857,0.5077285931329814,0.8262614176861954,,,,0.13924202066871735,,,,,,,False,Diagnostic comparison model
origin_clean_unique_devices,linear,clean_unique_devices,False,False,0.0,0.13970383554925167,225.2890455624743,0.3910144198801876,-46.11262941331343,300.70742181376073,0.5088163088796,0.8257041469514833,,0.13970383554925167,,,,,,,,,False,Diagnostic comparison model
origin_local_unique_devices,linear,local_unique_devices,False,False,0.0,0.14012247275752263,226.07428072092023,0.3924252984421661,-46.39376274975205,301.72174409567793,0.5105757625355283,0.8270368745879602,,,,,,0.14012247275752263,,,,,False,Diagnostic comparison model
origin_trusted_unique_devices,linear,trusted_unique_devices,False,False,0.0,16.677091278921942,234.6536359013476,0.4061980381866029,-38.576121866420536,367.8783968770018,0.6145846236889934,1.062831295409578,,,,,16.677091278921942,,,,,,False,Diagnostic comparison model
capture_median_trusted_unique_devices,capture_median,trusted_unique_devices,False,False,0.0,25.242063492063494,298.3363095238095,0.4913369194000761,-81.98869482214596,443.1289682539683,0.7334363857068206,1.440689537463731,,,,,25.242063492063494,,,,,,False,Diagnostic comparison model
capture_mean_trusted_unique_devices,capture_mean,trusted_unique_devices,False,False,0.0,28.59174852924853,341.0447937479188,0.5565385590223083,-122.58529621576223,454.7263916638916,0.7420514120297443,1.7117684045487422,,,,,28.59174852924853,,,,,,False,Diagnostic comparison model
capture_median_raw_unique_devices,capture_median,raw_unique_devices,False,False,0.0,0.20700324591924898,337.99460570254297,0.5698670854336242,-82.61132111037695,543.1850173971931,0.9145684648467924,1.4319229157938833,0.20700324591924898,,,,,,,,,,False,Diagnostic comparison model
capture_median_clean_unique_devices,capture_median,clean_unique_devices,False,False,0.0,0.2073976095408667,338.6238222746916,0.570884429751835,-82.98738972913407,543.9380607600652,0.9157701934189804,1.4354274520777945,,0.2073976095408667,,,,,,,,,False,Diagnostic comparison model
capture_median_clean_sessions,capture_median,clean_sessions,False,False,0.0,0.20685285305967838,339.2862736320121,0.5720849055359704,-83.18777586493476,545.6596060470401,0.9187631104824403,1.4381418092909535,,,,0.20685285305967838,,,,,,,False,Diagnostic comparison model
capture_median_local_unique_devices,capture_median,local_unique_devices,False,False,0.0,0.20907319733705187,341.3603386037516,0.5754281634315636,-84.3543035950683,549.2803967432864,0.9246504406519869,1.4530995970877216,,,,,,0.20907319733705187,,,,,False,Diagnostic comparison model
capture_mean_raw_unique_devices,capture_mean,raw_unique_devices,False,False,0.0,0.3213899492078532,585.3223603215962,0.9739814854408304,-312.44799536383084,780.4298137621283,1.298641980587774,2.487800624990451,0.3213899492078532,,,,,,,,,,False,Diagnostic comparison model
capture_mean_clean_unique_devices,capture_mean,clean_unique_devices,False,False,0.0,0.3228861481297062,588.7104135234001,0.9795798067542524,-316.13442867768623,784.9472180312,1.3061064090056693,2.503605594364679,,0.3228861481297062,,,,,,,,,False,Diagnostic comparison model
capture_mean_clean_sessions,capture_mean,clean_sessions,False,False,0.0,0.3225414370572863,590.7467419669382,0.9830772835008632,-318.23177636384804,787.6623226225843,1.310769711334484,2.5094184113921845,,,,0.3225414370572863,,,,,,,False,Diagnostic comparison model
capture_mean_local_unique_devices,capture_mean,local_unique_devices,False,False,0.0,0.3259030196458718,593.3336132609282,0.9871648239852788,-321.97852242501773,791.1114843479043,1.316219765313705,2.5274409946374248,,,,,,0.3259030196458718,,,,,False,Diagnostic comparison model
